evidence_block,grain,item,item_2,rank_label,rank_value,order_lines,orders,customers,products,quantity,revenue,gross_margin_proxy,gross_margin_rate,weighted_msrp_realization,weighted_discount_rate,avg_line_quantity,share_value,share_label,notes
overall_price_realization_baseline,overall,all_order_lines,,,,2996,326,98,109,105516.0,9604190.61,3825880.25,0.3984,0.8994,0.1006,35.219,,not_applicable,Start from a price-realization baseline before treating lower realized prices as either growth-positive or margin-negative.
price_realization_bucket_summary,price_realization_bucket,near_msrp_95pct_plus,,bucket_revenue_rank,1.0,793,267,94,109,27922.0,2771103.11,1230199.95,0.4439,0.9774,0.0226,35.2106,0.2885,revenue_share,"Compare volume, revenue, and margin proxy across realized-price buckets rather than reading concessions in isolation."
price_realization_bucket_summary,price_realization_bucket,deepest_concession_below_85pct,,bucket_revenue_rank,2.0,786,272,98,109,27594.0,2297462.03,798021.7,0.3473,0.8222,0.1778,35.1069,0.2392,revenue_share,"Compare volume, revenue, and margin proxy across realized-price buckets rather than reading concessions in isolation."
price_realization_bucket_summary,price_realization_bucket,moderate_concession_90_95pct,,bucket_revenue_rank,3.0,690,261,95,109,24314.0,2280290.88,943091.73,0.4136,0.9249,0.0751,35.2377,0.2374,revenue_share,"Compare volume, revenue, and margin proxy across realized-price buckets rather than reading concessions in isolation."
price_realization_bucket_summary,price_realization_bucket,deeper_concession_85_90pct,,bucket_revenue_rank,4.0,727,264,96,109,25686.0,2255334.59,854566.87,0.3789,0.8728,0.1272,35.3315,0.2348,revenue_share,"Compare volume, revenue, and margin proxy across realized-price buckets rather than reading concessions in isolation."
product_line_price_quality,product_line,Trains,,product_line_revenue_rank,7.0,81,47,36,3,2818.0,188532.92,65341.02,0.3466,0.9099,0.0901,34.7901,0.0196,revenue_share,Product-line decomposition identifies whether pricing pressure is broad or concentrated in specific lines.
product_line_price_quality,product_line,Planes,,product_line_revenue_rank,5.0,336,66,52,12,11872.0,954637.54,365960.71,0.3834,0.8972,0.1028,35.3333,0.0994,revenue_share,Product-line decomposition identifies whether pricing pressure is broad or concentrated in specific lines.
product_line_price_quality,product_line,Trucks and Buses,,product_line_revenue_rank,4.0,308,75,50,11,11001.0,1024113.57,400553.22,0.3911,0.8976,0.1024,35.7175,0.1066,revenue_share,Product-line decomposition identifies whether pricing pressure is broad or concentrated in specific lines.
product_line_price_quality,product_line,Ships,,product_line_revenue_rank,6.0,245,68,51,9,8532.0,663998.34,261289.47,0.3935,0.8986,0.1014,34.8245,0.0691,revenue_share,Product-line decomposition identifies whether pricing pressure is broad or concentrated in specific lines.
product_line_price_quality,product_line,Classic Cars,,product_line_revenue_rank,1.0,1010,209,94,37,35582.0,3853922.49,1526212.2,0.396,0.9001,0.0999,35.2297,0.4013,revenue_share,Product-line decomposition identifies whether pricing pressure is broad or concentrated in specific lines.
product_line_price_quality,product_line,Vintage Cars,,product_line_revenue_rank,2.0,657,187,90,24,22933.0,1797559.63,737268.33,0.4101,0.9014,0.0986,34.9056,0.1872,revenue_share,Product-line decomposition identifies whether pricing pressure is broad or concentrated in specific lines.
product_line_price_quality,product_line,Motorcycles,,product_line_revenue_rank,3.0,359,79,55,13,12778.0,1121426.12,469255.3,0.4184,0.8958,0.1042,35.5933,0.1168,revenue_share,Product-line decomposition identifies whether pricing pressure is broad or concentrated in specific lines.
product_price_pressure_examples,product,1993 Mazda RX-7,Classic Cars,low_realization_rank,1.0,27,27,25,1,947.0,114648.12,35564.15,0.3102,0.8553,0.1447,35.0741,0.0366,selected_product_revenue_share,Selected product rows support whether price pressure is tied to important products or only tail items.
product_price_pressure_examples,product,1957 Corvette Convertible,Classic Cars,product_revenue_rank,14.0,27,27,21,1,1013.0,130749.31,59910.22,0.4582,0.8674,0.1326,37.5185,0.0418,selected_product_revenue_share,Selected product rows support whether price pressure is tied to important products or only tail items.
product_price_pressure_examples,product,Corsair F4U ( Bird Cage),Planes,low_realization_rank,3.0,28,28,26,1,1051.0,62269.67,31433.33,0.5048,0.8682,0.1318,37.5357,0.0199,selected_product_revenue_share,Selected product rows support whether price pressure is tied to important products or only tail items.
product_price_pressure_examples,product,1960 BSA Gold Star DBD34,Motorcycles,low_realization_rank,4.0,28,28,25,1,1015.0,67193.49,29313.69,0.4363,0.8691,0.1309,36.25,0.0215,selected_product_revenue_share,Selected product rows support whether price pressure is tied to important products or only tail items.
product_price_pressure_examples,product,1936 Harley Davidson El Knucklehead,Motorcycles,low_realization_rank,5.0,28,28,25,1,945.0,49992.72,27095.37,0.542,0.8734,0.1266,33.75,0.016,selected_product_revenue_share,Selected product rows support whether price pressure is tied to important products or only tail items.
product_price_pressure_examples,product,2002 Suzuki XREO,Motorcycles,product_revenue_rank,10.0,28,28,25,1,1028.0,135767.03,67641.47,0.4982,0.8768,0.1232,36.7143,0.0434,selected_product_revenue_share,Selected product rows support whether price pressure is tied to important products or only tail items.
product_price_pressure_examples,product,1969 Dodge Super Bee,Classic Cars,low_realization_rank,7.0,27,27,21,1,974.0,68783.93,21009.23,0.3054,0.8782,0.1218,36.0741,0.022,selected_product_revenue_share,Selected product rows support whether price pressure is tied to important products or only tail items.
product_price_pressure_examples,product,1957 Chevy Pickup,Trucks and Buses,low_realization_rank,8.0,28,28,21,1,1056.0,109946.21,51127.01,0.465,0.8786,0.1214,37.7143,0.0351,selected_product_revenue_share,Selected product rows support whether price pressure is tied to important products or only tail items.
product_price_pressure_examples,product,1939 Cadillac Limousine,Vintage Cars,low_realization_rank,9.0,28,28,23,1,995.0,44037.84,21013.54,0.4772,0.8797,0.1203,35.5357,0.0141,selected_product_revenue_share,Selected product rows support whether price pressure is tied to important products or only tail items.
product_price_pressure_examples,product,1936 Mercedes Benz 500k Roadster,Vintage Cars,low_realization_rank,10.0,25,25,21,1,824.0,29763.39,11841.39,0.3979,0.8803,0.1197,32.96,0.0095,selected_product_revenue_share,Selected product rows support whether price pressure is tied to important products or only tail items.
product_price_pressure_examples,product,1912 Ford Model T Delivery Wagon,Vintage Cars,low_realization_rank,11.0,27,27,25,1,991.0,77239.92,30752.11,0.3981,0.8806,0.1194,36.7037,0.0247,selected_product_revenue_share,Selected product rows support whether price pressure is tied to important products or only tail items.
product_price_pressure_examples,product,1971 Alpine Renault 1600s,Classic Cars,low_realization_rank,12.0,27,27,22,1,969.0,52339.53,14955.51,0.2857,0.8821,0.1179,35.8889,0.0167,selected_product_revenue_share,Selected product rows support whether price pressure is tied to important products or only tail items.
product_price_pressure_examples,product,1997 BMW F650 ST,Motorcycles,low_realization_rank,13.0,28,28,24,1,1014.0,89364.89,21508.01,0.2407,0.8823,0.1177,36.2143,0.0286,selected_product_revenue_share,Selected product rows support whether price pressure is tied to important products or only tail items.
product_price_pressure_examples,product,1998 Chrysler Plymouth Prowler,Classic Cars,product_revenue_rank,8.0,28,28,21,1,986.0,142530.63,42441.77,0.2978,0.8829,0.1171,35.2143,0.0455,selected_product_revenue_share,Selected product rows support whether price pressure is tied to important products or only tail items.
product_price_pressure_examples,product,1980s Black Hawk Helicopter,Planes,product_revenue_rank,7.0,28,28,26,1,1040.0,144959.91,64599.11,0.4456,0.8839,0.1161,37.1429,0.0463,selected_product_revenue_share,Selected product rows support whether price pressure is tied to important products or only tail items.
product_price_pressure_examples,product,1968 Ford Mustang,Classic Cars,product_revenue_rank,5.0,27,27,23,1,933.0,161531.48,72579.26,0.4493,0.8898,0.1102,34.5556,0.0516,selected_product_revenue_share,Selected product rows support whether price pressure is tied to important products or only tail items.
product_price_pressure_examples,product,1928 Mercedes-Benz SSK,Vintage Cars,product_revenue_rank,13.0,28,28,21,1,880.0,132275.98,68423.18,0.5173,0.8907,0.1093,31.4286,0.0423,selected_product_revenue_share,Selected product rows support whether price pressure is tied to important products or only tail items.
product_price_pressure_examples,product,2003 Harley-Davidson Eagle Drag Bike,Motorcycles,product_revenue_rank,4.0,28,28,25,1,985.0,170686.0,81031.3,0.4747,0.8948,0.1052,35.1786,0.0545,selected_product_revenue_share,Selected product rows support whether price pressure is tied to important products or only tail items.
product_price_pressure_examples,product,1917 Grand Touring Sedan,Vintage Cars,product_revenue_rank,9.0,25,25,24,1,918.0,140535.6,60945.0,0.4337,0.9005,0.0995,36.72,0.0449,selected_product_revenue_share,Selected product rows support whether price pressure is tied to important products or only tail items.
product_price_pressure_examples,product,2001 Ferrari Enzo,Classic Cars,product_revenue_rank,2.0,27,27,23,1,1019.0,190755.86,93349.65,0.4894,0.9009,0.0991,37.7407,0.061,selected_product_revenue_share,Selected product rows support whether price pressure is tied to important products or only tail items.
product_price_pressure_examples,product,1992 Ferrari 360 Spider red,Classic Cars,product_revenue_rank,1.0,53,53,40,1,1808.0,276839.98,135996.78,0.4912,0.9042,0.0958,34.1132,0.0885,selected_product_revenue_share,Selected product rows support whether price pressure is tied to important products or only tail items.
product_price_pressure_examples,product,1956 Porsche 356A Coupe,Classic Cars,product_revenue_rank,11.0,27,27,22,1,1052.0,134240.71,30829.11,0.2297,0.9087,0.0913,38.963,0.0429,selected_product_revenue_share,Selected product rows support whether price pressure is tied to important products or only tail items.
product_price_pressure_examples,product,1969 Corvair Monza,Classic Cars,product_revenue_rank,12.0,27,27,22,1,963.0,132363.79,46521.97,0.3515,0.9098,0.0902,35.6667,0.0423,selected_product_revenue_share,Selected product rows support whether price pressure is tied to important products or only tail items.
product_price_pressure_examples,product,1972 Alfa Romeo GTA,Classic Cars,product_revenue_rank,15.0,28,28,27,1,1030.0,127924.32,39673.92,0.3101,0.9132,0.0868,36.7857,0.0409,selected_product_revenue_share,Selected product rows support whether price pressure is tied to important products or only tail items.
product_price_pressure_examples,product,1969 Ford Falcon,Classic Cars,product_revenue_rank,6.0,27,27,22,1,965.0,152543.02,72399.77,0.4746,0.9136,0.0864,35.7407,0.0487,selected_product_revenue_share,Selected product rows support whether price pressure is tied to important products or only tail items.
product_price_pressure_examples,product,1952 Alpine Renault 1300,Classic Cars,product_revenue_rank,3.0,28,28,27,1,961.0,190017.96,95282.58,0.5014,0.9227,0.0773,34.3214,0.0607,selected_product_revenue_share,Selected product rows support whether price pressure is tied to important products or only tail items.
customer_price_pressure_examples,customer,Boards & Toys Co.,USA,low_realization_rank,1.0,3,2,1,3,102.0,7918.6,2610.87,0.3297,0.8374,0.1626,34.0,0.0019,selected_customer_revenue_share,Customer-level rows show whether concessions are attached to strategically important demand or scattered accounts.
customer_price_pressure_examples,customer,Auto-Moto Classics Inc.,USA,low_realization_rank,2.0,8,3,1,8,287.0,21554.26,6586.02,0.3056,0.8647,0.1353,35.875,0.0052,selected_customer_revenue_share,Customer-level rows show whether concessions are attached to strategically important demand or scattered accounts.
customer_price_pressure_examples,customer,Royale Belge,Belgium,low_realization_rank,3.0,8,4,1,8,278.0,29217.18,11693.99,0.4002,0.8656,0.1344,34.75,0.0071,selected_customer_revenue_share,Customer-level rows show whether concessions are attached to strategically important demand or scattered accounts.
customer_price_pressure_examples,customer,"Classic Gift Ideas, Inc",USA,low_realization_rank,4.0,21,2,1,21,668.0,57939.34,20737.79,0.3579,0.8661,0.1339,31.8095,0.0141,selected_customer_revenue_share,Customer-level rows show whether concessions are attached to strategically important demand or scattered accounts.
customer_price_pressure_examples,customer,"Double Decker Gift Stores, Ltd",UK,low_realization_rank,5.0,12,2,1,12,357.0,29586.15,10868.04,0.3673,0.867,0.133,29.75,0.0072,selected_customer_revenue_share,Customer-level rows show whether concessions are attached to strategically important demand or scattered accounts.
customer_price_pressure_examples,customer,"Down Under Souveniers, Inc",New Zealand,customer_revenue_rank,7.0,46,5,1,42,1691.0,154622.08,60013.99,0.3881,0.8701,0.1299,36.7609,0.0376,selected_customer_revenue_share,Customer-level rows show whether concessions are attached to strategically important demand or scattered accounts.
customer_price_pressure_examples,customer,Frau da Collezione,Italy,low_realization_rank,7.0,8,2,1,8,272.0,25358.32,9532.93,0.3759,0.8735,0.1265,34.0,0.0062,selected_customer_revenue_share,Customer-level rows show whether concessions are attached to strategically important demand or scattered accounts.
customer_price_pressure_examples,customer,Diecast Classics Inc.,USA,low_realization_rank,8.0,31,4,1,31,1111.0,104358.69,40429.55,0.3874,0.8768,0.1232,35.8387,0.0254,selected_customer_revenue_share,Customer-level rows show whether concessions are attached to strategically important demand or scattered accounts.
customer_price_pressure_examples,customer,Gift Ideas Corp.,USA,low_realization_rank,9.0,19,3,1,19,666.0,49967.78,18957.41,0.3794,0.8784,0.1216,35.0526,0.0122,selected_customer_revenue_share,Customer-level rows show whether concessions are attached to strategically important demand or scattered accounts.
customer_price_pressure_examples,customer,Vitachrome Inc.,USA,low_realization_rank,10.0,25,3,1,25,787.0,72497.64,28279.5,0.3901,0.8791,0.1209,31.48,0.0176,selected_customer_revenue_share,Customer-level rows show whether concessions are attached to strategically important demand or scattered accounts.
customer_price_pressure_examples,customer,Collectables For Less Inc.,USA,low_realization_rank,11.0,24,3,1,24,795.0,73533.65,28969.09,0.394,0.8812,0.1188,33.125,0.0179,selected_customer_revenue_share,Customer-level rows show whether concessions are attached to strategically important demand or scattered accounts.
customer_price_pressure_examples,customer,Kelly's Gift Shop,New Zealand,customer_revenue_rank,12.0,48,4,1,45,1647.0,137460.79,51771.5,0.3766,0.8832,0.1168,34.3125,0.0334,selected_customer_revenue_share,Customer-level rows show whether concessions are attached to strategically important demand or scattered accounts.
customer_price_pressure_examples,customer,"Norway Gifts By Mail, Co.",Norway  ,low_realization_rank,13.0,24,2,1,24,787.0,69059.04,25665.76,0.3716,0.884,0.116,32.7917,0.0168,selected_customer_revenue_share,Customer-level rows show whether concessions are attached to strategically important demand or scattered accounts.
customer_price_pressure_examples,customer,"UK Collectables, Ltd.",UK,low_realization_rank,14.0,29,3,1,29,1046.0,106610.72,43523.64,0.4082,0.8846,0.1154,36.069,0.0259,selected_customer_revenue_share,Customer-level rows show whether concessions are attached to strategically important demand or scattered accounts.
customer_price_pressure_examples,customer,Technics Stores Inc.,USA,low_realization_rank,15.0,34,4,1,30,1179.0,104545.22,41510.76,0.3971,0.8846,0.1154,34.6765,0.0254,selected_customer_revenue_share,Customer-level rows show whether concessions are attached to strategically important demand or scattered accounts.
customer_price_pressure_examples,customer,"Anna's Decorations, Ltd",Australia,customer_revenue_rank,13.0,46,4,1,41,1469.0,137034.22,54551.66,0.3981,0.8918,0.1082,31.9348,0.0333,selected_customer_revenue_share,Customer-level rows show whether concessions are attached to strategically important demand or scattered accounts.
customer_price_pressure_examples,customer,Salzburg Collectables,Austria,customer_revenue_rank,11.0,40,4,1,36,1442.0,137480.07,54724.68,0.3981,0.8923,0.1077,36.05,0.0334,selected_customer_revenue_share,Customer-level rows show whether concessions are attached to strategically important demand or scattered accounts.
customer_price_pressure_examples,customer,La Rochelle Gifts,France,customer_revenue_rank,5.0,53,4,1,43,1832.0,158573.12,60875.3,0.3839,0.8926,0.1074,34.566,0.0386,selected_customer_revenue_share,Customer-level rows show whether concessions are attached to strategically important demand or scattered accounts.
customer_price_pressure_examples,customer,"Dragon Souveniers, Ltd.",Singapore,customer_revenue_rank,6.0,43,5,1,37,1524.0,156251.03,60477.38,0.3871,0.8961,0.1039,35.4419,0.038,selected_customer_revenue_share,Customer-level rows show whether concessions are attached to strategically important demand or scattered accounts.
customer_price_pressure_examples,customer,Souveniers And Things Co.,Australia,customer_revenue_rank,14.0,46,4,1,44,1601.0,133907.12,52331.45,0.3908,0.8966,0.1034,34.8043,0.0326,selected_customer_revenue_share,Customer-level rows show whether concessions are attached to strategically important demand or scattered accounts.
customer_price_pressure_examples,customer,Corporate Gift Ideas Co.,USA,customer_revenue_rank,15.0,41,4,1,40,1447.0,132340.78,55674.28,0.4207,0.8972,0.1028,35.2927,0.0322,selected_customer_revenue_share,Customer-level rows show whether concessions are attached to strategically important demand or scattered accounts.
customer_price_pressure_examples,customer,Euro+ Shopping Channel,Spain,customer_revenue_rank,1.0,259,26,1,106,9327.0,820689.54,326519.66,0.3979,0.899,0.101,36.0116,0.1996,selected_customer_revenue_share,Customer-level rows show whether concessions are attached to strategically important demand or scattered accounts.
customer_price_pressure_examples,customer,The Sharp Gifts Warehouse,USA,customer_revenue_rank,10.0,40,4,1,39,1656.0,143536.27,55931.37,0.3897,0.9003,0.0997,41.4,0.0349,selected_customer_revenue_share,Customer-level rows show whether concessions are attached to strategically important demand or scattered accounts.
customer_price_pressure_examples,customer,"Australian Collectors, Co.",Australia,customer_revenue_rank,3.0,55,5,1,40,1926.0,180585.07,70311.07,0.3894,0.9003,0.0997,35.0182,0.0439,selected_customer_revenue_share,Customer-level rows show whether concessions are attached to strategically important demand or scattered accounts.
customer_price_pressure_examples,customer,Mini Gifts Distributors Ltd.,USA,customer_revenue_rank,2.0,180,17,1,77,6366.0,591827.34,236769.39,0.4001,0.9039,0.0961,35.3667,0.1439,selected_customer_revenue_share,Customer-level rows show whether concessions are attached to strategically important demand or scattered accounts.
customer_price_pressure_examples,customer,Land of Toys Inc.,USA,customer_revenue_rank,8.0,49,4,1,41,1631.0,149085.15,58669.1,0.3935,0.9059,0.0941,33.2857,0.0363,selected_customer_revenue_share,Customer-level rows show whether concessions are attached to strategically important demand or scattered accounts.
customer_price_pressure_examples,customer,"AV Stores, Co.",UK,customer_revenue_rank,9.0,51,3,1,37,1778.0,148410.09,60095.86,0.4049,0.9065,0.0935,34.8627,0.0361,selected_customer_revenue_share,Customer-level rows show whether concessions are attached to strategically important demand or scattered accounts.
customer_price_pressure_examples,customer,Muscle Machine Inc,USA,customer_revenue_rank,4.0,48,4,1,32,1775.0,177913.95,72370.09,0.4068,0.9213,0.0787,36.9792,0.0433,selected_customer_revenue_share,Customer-level rows show whether concessions are attached to strategically important demand or scattered accounts.
