evidence_block,grain,item,item_2,rank_label,rank_value,revenue,gross_margin_proxy,gross_margin_rate,payment_amount,payment_coverage,customers,orders,order_lines,products,quantity,extra_metric_1,extra_value_1,extra_metric_2,extra_value_2,notes
sales_rep_performance_baseline,sales_rep,Gerard Hernandez,Paris,revenue_rank,1.0,1258577.81,504644.71,0.401,1112003.81,0.8835,7,43,396,109,14231.0,top_customer_revenue_share,0.6521,margin_rate_rank,5.0,"Use this block to compare sales rep scale, margin proxy, payment coverage, and concentration."
sales_rep_performance_baseline,sales_rep,Leslie Jennings,San Francisco,revenue_rank,2.0,1081530.54,435208.35,0.4024,989906.55,0.9153,6,34,331,107,11854.0,top_customer_revenue_share,0.5472,margin_rate_rank,4.0,"Use this block to compare sales rep scale, margin proxy, payment coverage, and concentration."
sales_rep_performance_baseline,sales_rep,Foon Yue Tseng,NYC,revenue_rank,11.0,488212.67,194839.92,0.3991,488212.67,1.0,6,17,142,74,5016.0,top_customer_revenue_share,0.3644,margin_rate_rank,6.0,"Use this block to compare sales rep scale, margin proxy, payment coverage, and concentration."
sales_rep_performance_baseline,sales_rep,Mami Nishi,Tokyo,revenue_rank,12.0,457110.07,181181.8,0.3964,457110.07,1.0,5,16,137,81,4923.0,top_customer_revenue_share,0.3418,margin_rate_rank,9.0,"Use this block to compare sales rep scale, margin proxy, payment coverage, and concentration."
sales_rep_performance_baseline,sales_rep,Andy Fixter,Sydney,revenue_rank,9.0,562582.59,222207.18,0.395,509385.82,0.9054,5,19,185,82,6246.0,top_customer_revenue_share,0.321,margin_rate_rank,10.0,"Use this block to compare sales rep scale, margin proxy, payment coverage, and concentration."
sales_rep_performance_baseline,sales_rep,Martin Gerard,Paris,revenue_rank,13.0,387477.47,156878.63,0.4049,387477.47,1.0,5,12,114,78,4180.0,top_customer_revenue_share,0.2902,margin_rate_rank,2.0,"Use this block to compare sales rep scale, margin proxy, payment coverage, and concentration."
sales_rep_performance_baseline,sales_rep,Leslie Thompson,San Francisco,revenue_rank,15.0,347533.03,138031.47,0.3972,347533.03,1.0,6,14,114,73,4056.0,top_customer_revenue_share,0.2699,margin_rate_rank,7.0,"Use this block to compare sales rep scale, margin proxy, payment coverage, and concentration."
sales_rep_performance_baseline,sales_rep,Peter Marsh,Sydney,revenue_rank,7.0,584593.76,230811.75,0.3948,497907.16,0.8517,5,19,185,97,6632.0,top_customer_revenue_share,0.2645,margin_rate_rank,11.0,"Use this block to compare sales rep scale, margin proxy, payment coverage, and concentration."
sales_rep_performance_baseline,sales_rep,Julie Firrelli,Boston,revenue_rank,14.0,386663.2,152119.31,0.3934,386663.2,1.0,6,14,124,80,4227.0,top_customer_revenue_share,0.2635,margin_rate_rank,12.0,"Use this block to compare sales rep scale, margin proxy, payment coverage, and concentration."
sales_rep_performance_baseline,sales_rep,Steve Patterson,Boston,revenue_rank,10.0,505875.42,197879.23,0.3912,449219.13,0.888,6,18,152,95,5561.0,top_customer_revenue_share,0.2302,margin_rate_rank,15.0,"Use this block to compare sales rep scale, margin proxy, payment coverage, and concentration."
sales_rep_performance_baseline,sales_rep,Loui Bondur,Paris,revenue_rank,8.0,569485.75,234891.07,0.4125,569485.75,1.0,6,20,177,101,6186.0,top_customer_revenue_share,0.2288,margin_rate_rank,1.0,"Use this block to compare sales rep scale, margin proxy, payment coverage, and concentration."
sales_rep_performance_baseline,sales_rep,George Vanauf,NYC,revenue_rank,6.0,669377.05,269596.09,0.4028,584406.8,0.8731,8,22,211,96,7423.0,top_customer_revenue_share,0.2227,margin_rate_rank,3.0,"Use this block to compare sales rep scale, margin proxy, payment coverage, and concentration."
sales_rep_performance_baseline,sales_rep,Larry Bott,London,revenue_rank,4.0,732096.79,290203.59,0.3964,686653.25,0.9379,8,22,236,97,8205.0,top_customer_revenue_share,0.2027,margin_rate_rank,8.0,"Use this block to compare sales rep scale, margin proxy, payment coverage, and concentration."
sales_rep_performance_baseline,sales_rep,Barry Jones,London,revenue_rank,5.0,704853.91,276659.25,0.3925,637672.65,0.9047,9,25,220,98,7486.0,top_customer_revenue_share,0.1716,margin_rate_rank,13.0,"Use this block to compare sales rep scale, margin proxy, payment coverage, and concentration."
sales_rep_performance_baseline,sales_rep,Pamela Castillo,Paris,revenue_rank,3.0,868220.55,340727.9,0.3924,750201.87,0.8641,10,31,272,100,9290.0,top_customer_revenue_share,0.1583,margin_rate_rank,14.0,"Use this block to compare sales rep scale, margin proxy, payment coverage, and concentration."
rep_customer_concentration,sales_rep_top_customer,Gerard Hernandez,Euro+ Shopping Channel,top_customer_share_rank,1.0,820689.54,326519.66,0.3979,1112003.81,0.8835,7,43,396,109,14231.0,top_customer_revenue_share,0.6521,rep_total_revenue,1258577.81,High-performing reps should be checked for dependence on one large customer.
rep_customer_concentration,sales_rep_top_customer,Leslie Jennings,Mini Gifts Distributors Ltd.,top_customer_share_rank,2.0,591827.34,236769.39,0.4001,989906.55,0.9153,6,34,331,107,11854.0,top_customer_revenue_share,0.5472,rep_total_revenue,1081530.54,High-performing reps should be checked for dependence on one large customer.
rep_customer_concentration,sales_rep_top_customer,Foon Yue Tseng,Muscle Machine Inc,top_customer_share_rank,3.0,177913.95,72370.09,0.4068,488212.67,1.0,6,17,142,74,5016.0,top_customer_revenue_share,0.3644,rep_total_revenue,488212.67,High-performing reps should be checked for dependence on one large customer.
rep_customer_concentration,sales_rep_top_customer,Mami Nishi,"Dragon Souveniers, Ltd.",top_customer_share_rank,4.0,156251.03,60477.38,0.3871,457110.07,1.0,5,16,137,81,4923.0,top_customer_revenue_share,0.3418,rep_total_revenue,457110.07,High-performing reps should be checked for dependence on one large customer.
rep_customer_concentration,sales_rep_top_customer,Andy Fixter,"Australian Collectors, Co.",top_customer_share_rank,5.0,180585.07,70311.07,0.3894,509385.82,0.9054,5,19,185,82,6246.0,top_customer_revenue_share,0.321,rep_total_revenue,562582.59,High-performing reps should be checked for dependence on one large customer.
rep_customer_concentration,sales_rep_top_customer,Martin Gerard,"Corrida Auto Replicas, Ltd",top_customer_share_rank,6.0,112440.09,49192.39,0.4375,387477.47,1.0,5,12,114,78,4180.0,top_customer_revenue_share,0.2902,rep_total_revenue,387477.47,High-performing reps should be checked for dependence on one large customer.
rep_customer_concentration,sales_rep_top_customer,Leslie Thompson,Toys4GrownUps.com,top_customer_share_rank,7.0,93803.3,40397.88,0.4307,347533.03,1.0,6,14,114,73,4056.0,top_customer_revenue_share,0.2699,rep_total_revenue,347533.03,High-performing reps should be checked for dependence on one large customer.
rep_customer_concentration,sales_rep_top_customer,Peter Marsh,"Down Under Souveniers, Inc",top_customer_share_rank,8.0,154622.08,60013.99,0.3881,497907.16,0.8517,5,19,185,97,6632.0,top_customer_revenue_share,0.2645,rep_total_revenue,584593.76,High-performing reps should be checked for dependence on one large customer.
rep_customer_concentration,sales_rep_top_customer,Julie Firrelli,Mini Creations Ltd.,top_customer_share_rank,9.0,101872.52,39136.14,0.3842,386663.2,1.0,6,14,124,80,4227.0,top_customer_revenue_share,0.2635,rep_total_revenue,386663.2,High-performing reps should be checked for dependence on one large customer.
rep_customer_concentration,sales_rep_top_customer,Steve Patterson,Online Diecast Creations Co.,top_customer_share_rank,10.0,116449.29,45090.39,0.3872,449219.13,0.888,6,18,152,95,5561.0,top_customer_revenue_share,0.2302,rep_total_revenue,505875.42,High-performing reps should be checked for dependence on one large customer.
rep_customer_concentration,sales_rep_top_customer,Loui Bondur,"Saveley & Henriot, Co.",top_customer_share_rank,11.0,130305.35,53211.19,0.4084,569485.75,1.0,6,20,177,101,6186.0,top_customer_revenue_share,0.2288,rep_total_revenue,569485.75,High-performing reps should be checked for dependence on one large customer.
rep_customer_concentration,sales_rep_top_customer,George Vanauf,Land of Toys Inc.,top_customer_share_rank,12.0,149085.15,58669.1,0.3935,584406.8,0.8731,8,22,211,96,7423.0,top_customer_revenue_share,0.2227,rep_total_revenue,669377.05,High-performing reps should be checked for dependence on one large customer.
rep_customer_concentration,sales_rep_top_customer,Larry Bott,"AV Stores, Co.",top_customer_share_rank,13.0,148410.09,60095.86,0.4049,686653.25,0.9379,8,22,236,97,8205.0,top_customer_revenue_share,0.2027,rep_total_revenue,732096.79,High-performing reps should be checked for dependence on one large customer.
rep_customer_concentration,sales_rep_top_customer,Barry Jones,Scandinavian Gift Ideas,top_customer_share_rank,14.0,120943.53,46777.54,0.3868,637672.65,0.9047,9,25,220,98,7486.0,top_customer_revenue_share,0.1716,rep_total_revenue,704853.91,High-performing reps should be checked for dependence on one large customer.
rep_customer_concentration,sales_rep_top_customer,Pamela Castillo,Salzburg Collectables,top_customer_share_rank,15.0,137480.07,54724.68,0.3981,750201.87,0.8641,10,31,272,100,9290.0,top_customer_revenue_share,0.1583,rep_total_revenue,868220.55,High-performing reps should be checked for dependence on one large customer.
office_territory_performance,office_territory,NYC,No territory,office_revenue_rank,4.0,1157589.72,464436.01,0.4012,,,14,39,353,105,12439.0,reps,2.0,office_margin_rate_rank,1.0,Office and territory view avoids over-interpreting individual rep performance.
office_territory_performance,office_territory,Paris,EMEA,office_revenue_rank,1.0,3083761.58,1237142.31,0.4012,,,28,106,959,109,33887.0,reps,4.0,office_margin_rate_rank,2.0,Office and territory view avoids over-interpreting individual rep performance.
office_territory_performance,office_territory,San Francisco,No territory,office_revenue_rank,3.0,1429063.57,573239.82,0.4011,,,12,48,445,109,15910.0,reps,2.0,office_margin_rate_rank,3.0,Office and territory view avoids over-interpreting individual rep performance.
office_territory_performance,office_territory,Tokyo,Japan,office_revenue_rank,7.0,457110.07,181181.8,0.3964,,,5,16,137,81,4923.0,reps,1.0,office_margin_rate_rank,4.0,Office and territory view avoids over-interpreting individual rep performance.
office_territory_performance,office_territory,Sydney,APAC,office_revenue_rank,5.0,1147176.35,453018.93,0.3949,,,10,38,370,109,12878.0,reps,2.0,office_margin_rate_rank,5.0,Office and territory view avoids over-interpreting individual rep performance.
office_territory_performance,office_territory,London,EMEA,office_revenue_rank,2.0,1436950.7,566862.84,0.3945,,,17,47,456,109,15691.0,reps,2.0,office_margin_rate_rank,6.0,Office and territory view avoids over-interpreting individual rep performance.
office_territory_performance,office_territory,Boston,No territory,office_revenue_rank,6.0,892538.62,349998.54,0.3921,,,12,32,276,106,9788.0,reps,2.0,office_margin_rate_rank,7.0,Office and territory view avoids over-interpreting individual rep performance.
rep_product_line_mix,sales_rep_product_line,Loui Bondur,Classic Cars,line_mix_rank_within_rep,1.0,256693.74,106456.35,0.4147,,,6,14,66,35,2272.0,rep_revenue_share,0.4507,not_applicable,,Product-line mix helps explain why similar revenue reps can have different business quality.
rep_product_line_mix,sales_rep_product_line,Loui Bondur,Motorcycles,line_mix_rank_within_rep,2.0,97060.62,42666.78,0.4396,,,5,10,34,12,1252.0,rep_revenue_share,0.1704,not_applicable,,Product-line mix helps explain why similar revenue reps can have different business quality.
rep_product_line_mix,sales_rep_product_line,Loui Bondur,Vintage Cars,line_mix_rank_within_rep,3.0,84405.54,36326.23,0.4304,,,5,7,31,19,1034.0,rep_revenue_share,0.1482,not_applicable,,Product-line mix helps explain why similar revenue reps can have different business quality.
rep_product_line_mix,sales_rep_product_line,Steve Patterson,Classic Cars,line_mix_rank_within_rep,1.0,185967.24,70220.16,0.3776,,,5,9,51,30,1774.0,rep_revenue_share,0.3676,not_applicable,,Product-line mix helps explain why similar revenue reps can have different business quality.
rep_product_line_mix,sales_rep_product_line,Steve Patterson,Motorcycles,line_mix_rank_within_rep,2.0,96610.24,39525.05,0.4091,,,4,4,28,13,1063.0,rep_revenue_share,0.191,not_applicable,,Product-line mix helps explain why similar revenue reps can have different business quality.
rep_product_line_mix,sales_rep_product_line,Steve Patterson,Vintage Cars,line_mix_rank_within_rep,3.0,89048.42,35904.26,0.4032,,,5,10,28,23,1102.0,rep_revenue_share,0.176,not_applicable,,Product-line mix helps explain why similar revenue reps can have different business quality.
rep_product_line_mix,sales_rep_product_line,Gerard Hernandez,Classic Cars,line_mix_rank_within_rep,1.0,514340.38,206452.01,0.4014,,,7,26,138,37,5084.0,rep_revenue_share,0.4087,not_applicable,,Product-line mix helps explain why similar revenue reps can have different business quality.
rep_product_line_mix,sales_rep_product_line,Gerard Hernandez,Vintage Cars,line_mix_rank_within_rep,2.0,195432.42,81284.86,0.4159,,,6,23,74,24,2517.0,rep_revenue_share,0.1553,not_applicable,,Product-line mix helps explain why similar revenue reps can have different business quality.
rep_product_line_mix,sales_rep_product_line,Gerard Hernandez,Motorcycles,line_mix_rank_within_rep,3.0,155097.93,64454.72,0.4156,,,4,10,51,13,1822.0,rep_revenue_share,0.1232,not_applicable,,Product-line mix helps explain why similar revenue reps can have different business quality.
rep_product_line_mix,sales_rep_product_line,Larry Bott,Classic Cars,line_mix_rank_within_rep,1.0,290766.13,110607.31,0.3804,,,8,19,84,36,2791.0,rep_revenue_share,0.3972,not_applicable,,Product-line mix helps explain why similar revenue reps can have different business quality.
rep_product_line_mix,sales_rep_product_line,Larry Bott,Vintage Cars,line_mix_rank_within_rep,2.0,130475.98,55437.52,0.4249,,,7,12,46,20,1618.0,rep_revenue_share,0.1782,not_applicable,,Product-line mix helps explain why similar revenue reps can have different business quality.
rep_product_line_mix,sales_rep_product_line,Larry Bott,Ships,line_mix_rank_within_rep,3.0,88997.52,35598.65,0.4,,,6,7,32,9,1146.0,rep_revenue_share,0.1216,not_applicable,,Product-line mix helps explain why similar revenue reps can have different business quality.
rep_product_line_mix,sales_rep_product_line,Leslie Thompson,Classic Cars,line_mix_rank_within_rep,1.0,143865.77,55609.66,0.3865,,,6,10,43,20,1471.0,rep_revenue_share,0.414,not_applicable,,Product-line mix helps explain why similar revenue reps can have different business quality.
rep_product_line_mix,sales_rep_product_line,Leslie Thompson,Vintage Cars,line_mix_rank_within_rep,2.0,89261.09,35822.7,0.4013,,,6,8,33,21,1187.0,rep_revenue_share,0.2568,not_applicable,,Product-line mix helps explain why similar revenue reps can have different business quality.
rep_product_line_mix,sales_rep_product_line,Leslie Thompson,Motorcycles,line_mix_rank_within_rep,3.0,43921.71,18925.89,0.4309,,,1,2,13,12,468.0,rep_revenue_share,0.1264,not_applicable,,Product-line mix helps explain why similar revenue reps can have different business quality.
rep_product_line_mix,sales_rep_product_line,Andy Fixter,Classic Cars,line_mix_rank_within_rep,1.0,187965.47,71331.4,0.3795,,,5,12,53,29,1818.0,rep_revenue_share,0.3341,not_applicable,,Product-line mix helps explain why similar revenue reps can have different business quality.
rep_product_line_mix,sales_rep_product_line,Andy Fixter,Vintage Cars,line_mix_rank_within_rep,2.0,148624.3,60245.07,0.4054,,,5,14,58,20,1945.0,rep_revenue_share,0.2642,not_applicable,,Product-line mix helps explain why similar revenue reps can have different business quality.
rep_product_line_mix,sales_rep_product_line,Andy Fixter,Motorcycles,line_mix_rank_within_rep,3.0,84583.19,36748.84,0.4345,,,4,6,26,13,876.0,rep_revenue_share,0.1503,not_applicable,,Product-line mix helps explain why similar revenue reps can have different business quality.
rep_product_line_mix,sales_rep_product_line,Foon Yue Tseng,Classic Cars,line_mix_rank_within_rep,1.0,266537.49,106553.94,0.3998,,,6,14,65,29,2361.0,rep_revenue_share,0.5459,not_applicable,,Product-line mix helps explain why similar revenue reps can have different business quality.
rep_product_line_mix,sales_rep_product_line,Foon Yue Tseng,Trucks and Buses,line_mix_rank_within_rep,2.0,79867.61,30752.52,0.385,,,5,6,24,10,845.0,rep_revenue_share,0.1636,not_applicable,,Product-line mix helps explain why similar revenue reps can have different business quality.
rep_product_line_mix,sales_rep_product_line,Foon Yue Tseng,Vintage Cars,line_mix_rank_within_rep,3.0,58559.85,24514.36,0.4186,,,6,10,21,16,751.0,rep_revenue_share,0.1199,not_applicable,,Product-line mix helps explain why similar revenue reps can have different business quality.
rep_product_line_mix,sales_rep_product_line,Leslie Jennings,Classic Cars,line_mix_rank_within_rep,1.0,373416.76,148787.4,0.3984,,,6,22,93,36,3404.0,rep_revenue_share,0.3453,not_applicable,,Product-line mix helps explain why similar revenue reps can have different business quality.
rep_product_line_mix,sales_rep_product_line,Leslie Jennings,Vintage Cars,line_mix_rank_within_rep,2.0,298556.37,122039.69,0.4088,,,6,25,101,24,3716.0,rep_revenue_share,0.276,not_applicable,,Product-line mix helps explain why similar revenue reps can have different business quality.
rep_product_line_mix,sales_rep_product_line,Leslie Jennings,Trucks and Buses,line_mix_rank_within_rep,3.0,163280.84,65461.04,0.4009,,,5,13,51,11,1770.0,rep_revenue_share,0.151,not_applicable,,Product-line mix helps explain why similar revenue reps can have different business quality.
rep_product_line_mix,sales_rep_product_line,Pamela Castillo,Classic Cars,line_mix_rank_within_rep,1.0,381132.11,150798.13,0.3957,,,10,18,92,37,3310.0,rep_revenue_share,0.439,not_applicable,,Product-line mix helps explain why similar revenue reps can have different business quality.
rep_product_line_mix,sales_rep_product_line,Pamela Castillo,Vintage Cars,line_mix_rank_within_rep,2.0,186184.94,74586.08,0.4006,,,10,19,73,24,2341.0,rep_revenue_share,0.2144,not_applicable,,Product-line mix helps explain why similar revenue reps can have different business quality.
rep_product_line_mix,sales_rep_product_line,Pamela Castillo,Planes,line_mix_rank_within_rep,3.0,132630.19,52545.13,0.3962,,,6,8,44,12,1587.0,rep_revenue_share,0.1528,not_applicable,,Product-line mix helps explain why similar revenue reps can have different business quality.
rep_product_line_mix,sales_rep_product_line,Julie Firrelli,Classic Cars,line_mix_rank_within_rep,1.0,150001.57,59180.4,0.3945,,,6,10,38,26,1300.0,rep_revenue_share,0.3879,not_applicable,,Product-line mix helps explain why similar revenue reps can have different business quality.
rep_product_line_mix,sales_rep_product_line,Julie Firrelli,Vintage Cars,line_mix_rank_within_rep,2.0,83830.62,31835.52,0.3798,,,5,9,31,17,1069.0,rep_revenue_share,0.2168,not_applicable,,Product-line mix helps explain why similar revenue reps can have different business quality.
rep_product_line_mix,sales_rep_product_line,Julie Firrelli,Trucks and Buses,line_mix_rank_within_rep,3.0,45512.07,17703.5,0.389,,,3,3,13,11,475.0,rep_revenue_share,0.1177,not_applicable,,Product-line mix helps explain why similar revenue reps can have different business quality.
rep_product_line_mix,sales_rep_product_line,Martin Gerard,Classic Cars,line_mix_rank_within_rep,1.0,183248.23,75600.67,0.4126,,,5,7,45,28,1642.0,rep_revenue_share,0.4729,not_applicable,,Product-line mix helps explain why similar revenue reps can have different business quality.
rep_product_line_mix,sales_rep_product_line,Martin Gerard,Vintage Cars,line_mix_rank_within_rep,2.0,73711.96,31156.29,0.4227,,,4,7,27,21,966.0,rep_revenue_share,0.1902,not_applicable,,Product-line mix helps explain why similar revenue reps can have different business quality.
rep_product_line_mix,sales_rep_product_line,Martin Gerard,Trucks and Buses,line_mix_rank_within_rep,3.0,57492.72,23420.87,0.4074,,,2,3,17,11,633.0,rep_revenue_share,0.1484,not_applicable,,Product-line mix helps explain why similar revenue reps can have different business quality.
rep_product_line_mix,sales_rep_product_line,Peter Marsh,Classic Cars,line_mix_rank_within_rep,1.0,197916.09,74732.96,0.3776,,,5,12,57,30,2034.0,rep_revenue_share,0.3386,not_applicable,,Product-line mix helps explain why similar revenue reps can have different business quality.
rep_product_line_mix,sales_rep_product_line,Peter Marsh,Vintage Cars,line_mix_rank_within_rep,2.0,157854.02,65648.04,0.4159,,,5,11,54,24,1952.0,rep_revenue_share,0.27,not_applicable,,Product-line mix helps explain why similar revenue reps can have different business quality.
rep_product_line_mix,sales_rep_product_line,Peter Marsh,Motorcycles,line_mix_rank_within_rep,3.0,82974.54,33642.51,0.4055,,,4,5,26,13,976.0,rep_revenue_share,0.1419,not_applicable,,Product-line mix helps explain why similar revenue reps can have different business quality.
rep_product_line_mix,sales_rep_product_line,George Vanauf,Classic Cars,line_mix_rank_within_rep,1.0,202817.57,84232.49,0.4153,,,7,12,53,34,1801.0,rep_revenue_share,0.303,not_applicable,,Product-line mix helps explain why similar revenue reps can have different business quality.
rep_product_line_mix,sales_rep_product_line,George Vanauf,Motorcycles,line_mix_rank_within_rep,2.0,151766.65,63528.39,0.4186,,,7,11,45,12,1587.0,rep_revenue_share,0.2267,not_applicable,,Product-line mix helps explain why similar revenue reps can have different business quality.
rep_product_line_mix,sales_rep_product_line,George Vanauf,Planes,line_mix_rank_within_rep,3.0,122638.96,44942.84,0.3665,,,6,8,44,12,1600.0,rep_revenue_share,0.1832,not_applicable,,Product-line mix helps explain why similar revenue reps can have different business quality.
rep_product_line_mix,sales_rep_product_line,Barry Jones,Classic Cars,line_mix_rank_within_rep,1.0,353860.63,139129.79,0.3932,,,8,15,94,32,3193.0,rep_revenue_share,0.502,not_applicable,,Product-line mix helps explain why similar revenue reps can have different business quality.
rep_product_line_mix,sales_rep_product_line,Barry Jones,Vintage Cars,line_mix_rank_within_rep,2.0,88601.9,36411.63,0.411,,,8,12,36,20,1184.0,rep_revenue_share,0.1257,not_applicable,,Product-line mix helps explain why similar revenue reps can have different business quality.
rep_product_line_mix,sales_rep_product_line,Barry Jones,Trucks and Buses,line_mix_rank_within_rep,3.0,78691.98,26396.23,0.3354,,,5,7,23,10,859.0,rep_revenue_share,0.1116,not_applicable,,Product-line mix helps explain why similar revenue reps can have different business quality.
rep_product_line_mix,sales_rep_product_line,Mami Nishi,Classic Cars,line_mix_rank_within_rep,1.0,165393.31,66519.53,0.4022,,,4,9,38,26,1327.0,rep_revenue_share,0.3618,not_applicable,,Product-line mix helps explain why similar revenue reps can have different business quality.
rep_product_line_mix,sales_rep_product_line,Mami Nishi,Planes,line_mix_rank_within_rep,2.0,97868.56,39001.68,0.3985,,,4,5,33,12,1224.0,rep_revenue_share,0.2141,not_applicable,,Product-line mix helps explain why similar revenue reps can have different business quality.
rep_product_line_mix,sales_rep_product_line,Mami Nishi,Motorcycles,line_mix_rank_within_rep,3.0,53828.99,20461.55,0.3801,,,5,6,18,11,629.0,rep_revenue_share,0.1178,not_applicable,,Product-line mix helps explain why similar revenue reps can have different business quality.
