evidence_block,grain,item,item_2,item_3,rank_label,rank_value,release_year,start_year,end_year,games,game_platforms,platforms,publishers,genres,regions,reported_sales_volume,sales_share,avg_sales_per_game_platform,secondary_value,secondary_label,notes
publisher_scale_baseline,publisher,Nintendo,,,publisher_sales_rank,1.0,,,,662,696,10,1,13,4,1784.23,0.2023,2.5635,2.6952,sales_per_game,Scale baseline separates publisher size from portfolio quality.
publisher_scale_baseline,publisher,Electronic Arts,,,publisher_sales_rank,2.0,,,,605,1338,19,1,13,4,1096.45,0.1243,0.8195,1.8123,sales_per_game,Scale baseline separates publisher size from portfolio quality.
publisher_scale_baseline,publisher,Activision,,,publisher_sales_rank,3.0,,,,414,966,20,1,13,4,721.06,0.0818,0.7464,1.7417,sales_per_game,Scale baseline separates publisher size from portfolio quality.
publisher_scale_baseline,publisher,Sony Computer Entertainment,,,publisher_sales_rank,4.0,,,,621,682,6,1,12,4,607.27,0.0689,0.8904,0.9779,sales_per_game,Scale baseline separates publisher size from portfolio quality.
publisher_scale_baseline,publisher,Ubisoft,,,publisher_sales_rank,5.0,,,,571,918,19,1,13,4,473.33,0.0537,0.5156,0.8289,sales_per_game,Scale baseline separates publisher size from portfolio quality.
publisher_scale_baseline,publisher,Take-Two Interactive,,,publisher_sales_rank,6.0,,,,201,412,17,1,12,4,399.45,0.0453,0.9695,1.9873,sales_per_game,Scale baseline separates publisher size from portfolio quality.
publisher_scale_baseline,publisher,THQ,,,publisher_sales_rank,7.0,,,,406,712,15,1,13,4,340.32,0.0386,0.478,0.8382,sales_per_game,Scale baseline separates publisher size from portfolio quality.
publisher_scale_baseline,publisher,Konami Digital Entertainment,,,publisher_sales_rank,8.0,,,,634,823,23,1,12,4,278.37,0.0316,0.3382,0.4391,sales_per_game,Scale baseline separates publisher size from portfolio quality.
publisher_scale_baseline,publisher,Sega,,,publisher_sales_rank,9.0,,,,477,632,21,1,12,4,270.68,0.0307,0.4283,0.5675,sales_per_game,Scale baseline separates publisher size from portfolio quality.
publisher_scale_baseline,publisher,Namco Bandai Games,,,publisher_sales_rank,10.0,,,,774,928,23,1,13,4,253.47,0.0287,0.2731,0.3275,sales_per_game,Scale baseline separates publisher size from portfolio quality.
publisher_scale_baseline,publisher,Microsoft Game Studios,,,publisher_sales_rank,11.0,,,,179,189,5,1,12,4,245.78,0.0279,1.3004,1.3731,sales_per_game,Scale baseline separates publisher size from portfolio quality.
publisher_scale_baseline,publisher,Capcom,,,publisher_sales_rank,12.0,,,,274,376,23,1,13,4,199.81,0.0227,0.5314,0.7292,sales_per_game,Scale baseline separates publisher size from portfolio quality.
publisher_scale_baseline,publisher,Atari,,,publisher_sales_rank,13.0,,,,267,347,13,1,13,4,146.46,0.0166,0.4221,0.5485,sales_per_game,Scale baseline separates publisher size from portfolio quality.
publisher_scale_baseline,publisher,Square Enix,,,publisher_sales_rank,14.0,,,,160,231,13,1,9,4,144.79,0.0164,0.6268,0.9049,sales_per_game,Scale baseline separates publisher size from portfolio quality.
publisher_scale_baseline,publisher,Warner Bros. Interactive Entertainment,,,publisher_sales_rank,15.0,,,,73,217,13,1,9,4,142.34,0.0161,0.6559,1.9499,sales_per_game,Scale baseline separates publisher size from portfolio quality.
publisher_scale_baseline,publisher,Disney Interactive Studios,,,publisher_sales_rank,16.0,,,,109,214,15,1,10,4,118.51,0.0134,0.5538,1.0872,sales_per_game,Scale baseline separates publisher size from portfolio quality.
publisher_scale_baseline,publisher,Eidos Interactive,,,publisher_sales_rank,17.0,,,,123,196,13,1,12,4,96.71,0.011,0.4934,0.7863,sales_per_game,Scale baseline separates publisher size from portfolio quality.
publisher_scale_baseline,publisher,LucasArts,,,publisher_sales_rank,18.0,,,,42,89,13,1,7,4,84.91,0.0096,0.954,2.0217,sales_per_game,Scale baseline separates publisher size from portfolio quality.
publisher_scale_baseline,publisher,Bethesda Softworks,,,publisher_sales_rank,19.0,,,,29,69,8,1,7,4,81.45,0.0092,1.1804,2.8086,sales_per_game,Scale baseline separates publisher size from portfolio quality.
publisher_scale_baseline,publisher,Midway Games,,,publisher_sales_rank,20.0,,,,106,196,12,1,10,4,69.13,0.0078,0.3527,0.6522,sales_per_game,Scale baseline separates publisher size from portfolio quality.
publisher_scale_baseline,publisher,Acclaim Entertainment,,,publisher_sales_rank,21.0,,,,119,184,11,1,12,4,64.01,0.0073,0.3479,0.5379,sales_per_game,Scale baseline separates publisher size from portfolio quality.
publisher_scale_baseline,publisher,SquareSoft,,,publisher_sales_rank,22.0,,,,48,52,7,1,7,4,57.68,0.0065,1.1092,1.2017,sales_per_game,Scale baseline separates publisher size from portfolio quality.
publisher_scale_baseline,publisher,Vivendi Games,,,publisher_sales_rank,23.0,,,,91,161,11,1,12,4,56.88,0.0064,0.3533,0.6251,sales_per_game,Scale baseline separates publisher size from portfolio quality.
publisher_scale_baseline,publisher,505 Games,,,publisher_sales_rank,24.0,,,,149,192,13,1,12,4,55.75,0.0063,0.2904,0.3742,sales_per_game,Scale baseline separates publisher size from portfolio quality.
publisher_scale_baseline,publisher,Tecmo Koei,,,publisher_sales_rank,25.0,,,,253,338,17,1,11,4,53.55,0.0061,0.1584,0.2117,sales_per_game,Scale baseline separates publisher size from portfolio quality.
publisher_hit_dependency,publisher_top_game,Nintendo,Wii Sports,,publisher_sales_rank,1.0,,,,662,696,10,1,13,4,1784.23,0.2023,2.5635,0.0464,top_game_sales_share_within_publisher,A publisher can be large because of many games or because one hit dominates.
publisher_hit_dependency,publisher_top_game,RedOctane,Guitar Hero II,,publisher_sales_rank,8699.0,,,,4,4,1,1,1,4,8.69,0.001,2.1725,0.5892,top_game_sales_share_within_publisher,A publisher can be large because of many games or because one hit dominates.
publisher_hit_dependency,publisher_top_game,Red Orb,Myst,,publisher_sales_rank,9048.0,,,,2,2,1,1,1,3,5.25,0.0006,2.625,0.5352,top_game_sales_share_within_publisher,A publisher can be large because of many games or because one hit dominates.
publisher_hit_dependency,publisher_top_game,Koch Media,Ben 10: Alien Force,,publisher_sales_rank,9140.0,,,,10,17,10,1,7,3,4.73,0.0005,0.2782,0.6173,top_game_sales_share_within_publisher,A publisher can be large because of many games or because one hit dominates.
publisher_hit_dependency,publisher_top_game,Arena Entertainment,Mortal Kombat,,publisher_sales_rank,9141.0,,,,2,2,1,1,2,3,4.72,0.0005,2.36,0.5657,top_game_sales_share_within_publisher,A publisher can be large because of many games or because one hit dominates.
publisher_hit_dependency,publisher_top_game,Palcom,Teenage Mutant Ninja Turtles,,publisher_sales_rank,9320.0,,,,1,1,1,1,1,4,4.17,0.0005,4.17,1.0,top_game_sales_share_within_publisher,A publisher can be large because of many games or because one hit dominates.
publisher_hit_dependency,publisher_top_game,Oxygen Interactive,World Championship Poker: Featuring Howard Lederer - All In,,publisher_sales_rank,9684.0,,,,17,21,5,1,6,3,3.4,0.0004,0.1619,0.5059,top_game_sales_share_within_publisher,A publisher can be large because of many games or because one hit dominates.
publisher_hit_dependency,publisher_top_game,Maxis,SimCity 2000,,publisher_sales_rank,9691.0,,,,2,3,2,1,1,3,3.39,0.0004,1.13,0.9912,top_game_sales_share_within_publisher,A publisher can be large because of many games or because one hit dominates.
publisher_hit_dependency,publisher_top_game,Valve Software,Portal 2,,publisher_sales_rank,9711.0,,,,2,3,2,1,1,4,3.22,0.0004,1.0733,0.8882,top_game_sales_share_within_publisher,A publisher can be large because of many games or because one hit dominates.
publisher_hit_dependency,publisher_top_game,Mojang,Minecraft: Story Mode,,publisher_sales_rank,9768.0,,,,1,5,5,1,1,3,2.91,0.0003,0.582,1.0,top_game_sales_share_within_publisher,A publisher can be large because of many games or because one hit dominates.
publisher_hit_dependency,publisher_top_game,JVC,Tetris Plus,,publisher_sales_rank,9813.0,,,,8,8,2,1,6,4,2.78,0.0003,0.3475,0.8669,top_game_sales_share_within_publisher,A publisher can be large because of many games or because one hit dominates.
publisher_hit_dependency,publisher_top_game,NCSoft,Guild Wars 2,,publisher_sales_rank,9995.0,,,,6,6,1,1,2,3,2.57,0.0003,0.4283,0.8949,top_game_sales_share_within_publisher,A publisher can be large because of many games or because one hit dominates.
publisher_hit_dependency,publisher_top_game,Red Storm Entertainment,Tom Clancy's Rainbow Six,,publisher_sales_rank,10028.0,,,,2,3,2,1,2,3,2.32,0.0003,0.7733,0.9828,top_game_sales_share_within_publisher,A publisher can be large because of many games or because one hit dominates.
publisher_hit_dependency,publisher_top_game,UEP Systems,Cool Boarders 2,,publisher_sales_rank,10030.0,,,,1,1,1,1,1,4,2.26,0.0003,2.26,1.0,top_game_sales_share_within_publisher,A publisher can be large because of many games or because one hit dominates.
publisher_hit_dependency,publisher_top_game,Video System,F-1 World Grand Prix,,publisher_sales_rank,10078.0,,,,4,4,3,1,2,4,2.17,0.0002,0.5425,0.7327,top_game_sales_share_within_publisher,A publisher can be large because of many games or because one hit dominates.
publisher_hit_dependency,publisher_top_game,ASC Games,TNN Motor Sports Hardcore 4x4,,publisher_sales_rank,10079.0,,,,3,3,1,1,3,3,2.02,0.0002,0.6733,0.6535,top_game_sales_share_within_publisher,A publisher can be large because of many games or because one hit dominates.
publisher_hit_dependency,publisher_top_game,RTL,Winter Sports: The Ultimate Challenge,,publisher_sales_rank,10082.0,,,,6,8,3,1,3,3,2.01,0.0002,0.2512,0.6219,top_game_sales_share_within_publisher,A publisher can be large because of many games or because one hit dominates.
publisher_hit_dependency,publisher_top_game,Microprose,Worms Armageddon,,publisher_sales_rank,10096.0,,,,5,5,2,1,3,3,2.0,0.0002,0.4,0.535,top_game_sales_share_within_publisher,A publisher can be large because of many games or because one hit dominates.
publisher_hit_dependency,publisher_top_game,Agetec,Fisherman's Bass Club,,publisher_sales_rank,10134.0,,,,8,8,3,1,7,4,1.93,0.0002,0.2413,0.5596,top_game_sales_share_within_publisher,A publisher can be large because of many games or because one hit dominates.
publisher_hit_dependency,publisher_top_game,Success,Asteroids,,publisher_sales_rank,10163.0,,,,19,19,6,1,8,4,1.92,0.0002,0.1011,0.5938,top_game_sales_share_within_publisher,A publisher can be large because of many games or because one hit dominates.
publisher_hit_dependency,publisher_top_game,Valve,Portal 2,,publisher_sales_rank,10237.0,,,,1,1,1,1,1,4,1.73,0.0002,1.73,1.0,top_game_sales_share_within_publisher,A publisher can be large because of many games or because one hit dominates.
publisher_hit_dependency,publisher_top_game,Crystal Dynamics,Gex,,publisher_sales_rank,10238.0,,,,5,5,1,1,5,3,1.72,0.0002,0.344,0.5116,top_game_sales_share_within_publisher,A publisher can be large because of many games or because one hit dominates.
publisher_hit_dependency,publisher_top_game,Mastertronic,Plants vs. Zombies,,publisher_sales_rank,10245.0,,,,13,13,5,1,7,3,1.7,0.0002,0.1308,0.6941,top_game_sales_share_within_publisher,A publisher can be large because of many games or because one hit dominates.
publisher_hit_dependency,publisher_top_game,Avanquest Software,The Walking Dead: Season One,,publisher_sales_rank,10273.0,,,,7,9,5,1,3,4,1.68,0.0002,0.1867,0.9345,top_game_sales_share_within_publisher,A publisher can be large because of many games or because one hit dominates.
publisher_hit_dependency,publisher_top_game,Accolade,Test Drive 5,,publisher_sales_rank,10275.0,,,,3,3,1,1,3,3,1.66,0.0002,0.5533,0.7831,top_game_sales_share_within_publisher,A publisher can be large because of many games or because one hit dominates.
publisher_hit_dependency,publisher_top_game,Xplosiv,Ford Racing Off Road,,publisher_sales_rank,10292.0,,,,5,10,3,1,3,3,1.64,0.0002,0.164,0.5061,top_game_sales_share_within_publisher,A publisher can be large because of many games or because one hit dominates.
publisher_hit_dependency,publisher_top_game,Hello Games,No Man's Sky,,publisher_sales_rank,10343.0,,,,1,1,1,1,1,4,1.6,0.0002,1.6,1.0,top_game_sales_share_within_publisher,A publisher can be large because of many games or because one hit dominates.
publisher_hit_dependency,publisher_top_game,Touchstone,Turok,,publisher_sales_rank,10344.0,,,,2,4,4,1,2,4,1.59,0.0002,0.3975,0.9057,top_game_sales_share_within_publisher,A publisher can be large because of many games or because one hit dominates.
publisher_hit_dependency,publisher_top_game,LEGO Media,LEGO Racers,,publisher_sales_rank,10363.0,,,,6,7,4,1,5,3,1.56,0.0002,0.2229,0.6795,top_game_sales_share_within_publisher,A publisher can be large because of many games or because one hit dominates.
publisher_hit_dependency,publisher_top_game,Westwood Studios,Command & Conquer: Tiberian Sun,,publisher_sales_rank,10368.0,,,,1,1,1,1,1,1,1.55,0.0002,1.55,1.0,top_game_sales_share_within_publisher,A publisher can be large because of many games or because one hit dominates.
publisher_hit_dependency,publisher_top_game,Genki,Tokyo Xtreme Racer 3,,publisher_sales_rank,10433.0,,,,8,8,7,1,3,4,1.47,0.0002,0.1838,0.6259,top_game_sales_share_within_publisher,A publisher can be large because of many games or because one hit dominates.
publisher_hit_dependency,publisher_top_game,Pinnacle,Peppa Pig: The Game,,publisher_sales_rank,10453.0,,,,4,5,3,1,4,2,1.42,0.0002,0.284,0.8873,top_game_sales_share_within_publisher,A publisher can be large because of many games or because one hit dominates.
publisher_hit_dependency,publisher_top_game,Rage Software,Rocky,,publisher_sales_rank,10456.0,,,,5,7,4,1,4,3,1.41,0.0002,0.2014,0.7801,top_game_sales_share_within_publisher,A publisher can be large because of many games or because one hit dominates.
publisher_hit_dependency,publisher_top_game,Slightly Mad Studios,Project CARS,,publisher_sales_rank,10486.0,,,,1,3,3,1,1,4,1.37,0.0002,0.4567,1.0,top_game_sales_share_within_publisher,A publisher can be large because of many games or because one hit dominates.
publisher_hit_dependency,publisher_top_game,Russel,Worldwide Soccer Manager 2008,,publisher_sales_rank,10556.0,,,,6,6,4,1,3,2,1.21,0.0001,0.2017,0.9256,top_game_sales_share_within_publisher,A publisher can be large because of many games or because one hit dominates.
publisher_hit_dependency,publisher_top_game,Black Label Games,The Lord of the Rings: The Fellowship of the Ring,,publisher_sales_rank,10579.0,,,,1,1,1,1,1,3,1.2,0.0001,1.2,1.0,top_game_sales_share_within_publisher,A publisher can be large because of many games or because one hit dominates.
publisher_hit_dependency,publisher_top_game,Sony Computer Entertainment America,MLB 14: The Show,,publisher_sales_rank,10590.0,,,,1,3,3,1,1,2,1.17,0.0001,0.39,1.0,top_game_sales_share_within_publisher,A publisher can be large because of many games or because one hit dominates.
publisher_hit_dependency,publisher_top_game,Trion Worlds,Defiance,,publisher_sales_rank,10591.0,,,,2,4,3,1,2,3,1.13,0.0001,0.2825,0.9912,top_game_sales_share_within_publisher,A publisher can be large because of many games or because one hit dominates.
publisher_hit_dependency,publisher_top_game,Jester Interactive,Super Trucks Racing,,publisher_sales_rank,10595.0,,,,3,3,1,1,2,3,1.13,0.0001,0.3767,0.6283,top_game_sales_share_within_publisher,A publisher can be large because of many games or because one hit dominates.
publisher_hit_dependency,publisher_top_game,Big Ben Interactive,Deer Drive,,publisher_sales_rank,10667.0,,,,7,7,4,1,5,3,0.98,0.0001,0.14,0.7755,top_game_sales_share_within_publisher,A publisher can be large because of many games or because one hit dominates.
publisher_hit_dependency,publisher_top_game,IE Institute,Zaidan Houjin Nippon Kanji Nouryoku Kentei Kyoukai Koushiki Soft: 200 Mannin no KanKen: Tokoton Kanji Nou,,publisher_sales_rank,10690.0,,,,5,5,2,1,2,1,0.96,0.0001,0.192,0.6875,top_game_sales_share_within_publisher,A publisher can be large because of many games or because one hit dominates.
publisher_hit_dependency,publisher_top_game,CTO SpA,Star Wars: Rebel Assault II - The Hidden Empire,,publisher_sales_rank,10769.0,,,,2,2,1,1,2,3,0.9,0.0001,0.45,0.9778,top_game_sales_share_within_publisher,A publisher can be large because of many games or because one hit dominates.
publisher_hit_dependency,publisher_top_game,Funbox Media,Country Dance,,publisher_sales_rank,10774.0,,,,5,6,4,1,4,3,0.9,0.0001,0.15,0.7444,top_game_sales_share_within_publisher,A publisher can be large because of many games or because one hit dominates.
publisher_hit_dependency,publisher_top_game,Xseed Games,Rune Factory 4,,publisher_sales_rank,10776.0,,,,4,4,3,1,3,4,0.89,0.0001,0.2225,0.618,top_game_sales_share_within_publisher,A publisher can be large because of many games or because one hit dominates.
publisher_hit_dependency,publisher_top_game,TalonSoft,Spec Ops: Ranger Elite,,publisher_sales_rank,10788.0,,,,1,1,1,1,1,3,0.88,0.0001,0.88,1.0,top_game_sales_share_within_publisher,A publisher can be large because of many games or because one hit dominates.
publisher_hit_dependency,publisher_top_game,Quelle,Enduro,,publisher_sales_rank,10789.0,,,,1,1,1,1,1,3,0.87,0.0001,0.87,1.0,top_game_sales_share_within_publisher,A publisher can be large because of many games or because one hit dominates.
publisher_hit_dependency,publisher_top_game,"mixi, Inc",Monster Strike 3DS,,publisher_sales_rank,10802.0,,,,1,1,1,1,1,1,0.86,0.0001,0.86,1.0,top_game_sales_share_within_publisher,A publisher can be large because of many games or because one hit dominates.
publisher_hit_dependency,publisher_top_game,Bigben Interactive,Rugby 15,,publisher_sales_rank,10803.0,,,,3,13,5,1,1,3,0.85,0.0001,0.0654,0.5176,top_game_sales_share_within_publisher,A publisher can be large because of many games or because one hit dominates.
publisher_hit_dependency,publisher_top_game,Mud Duck Productions,High Rollers Casino,,publisher_sales_rank,10815.0,,,,2,3,2,1,2,3,0.83,0.0001,0.2767,0.6506,top_game_sales_share_within_publisher,A publisher can be large because of many games or because one hit dominates.
publisher_hit_dependency,publisher_top_game,Mystique,Custer's Revenge,,publisher_sales_rank,10817.0,,,,1,1,1,1,1,3,0.82,0.0001,0.82,1.0,top_game_sales_share_within_publisher,A publisher can be large because of many games or because one hit dominates.
publisher_hit_dependency,publisher_top_game,Harmonix Music Systems,Rock Band 4,,publisher_sales_rank,10831.0,,,,1,2,2,1,1,3,0.8,0.0001,0.4,1.0,top_game_sales_share_within_publisher,A publisher can be large because of many games or because one hit dominates.
publisher_hit_dependency,publisher_top_game,Square EA,Final Fantasy Anthology,,publisher_sales_rank,10832.0,,,,1,1,1,1,1,3,0.8,0.0001,0.8,1.0,top_game_sales_share_within_publisher,A publisher can be large because of many games or because one hit dominates.
publisher_hit_dependency,publisher_top_game,NovaLogic,Delta Force: Black Hawk Down,,publisher_sales_rank,10834.0,,,,2,3,3,1,1,3,0.79,0.0001,0.2633,0.9873,top_game_sales_share_within_publisher,A publisher can be large because of many games or because one hit dominates.
publisher_hit_dependency,publisher_top_game,Men-A-Vision,Air Raid,,publisher_sales_rank,10850.0,,,,1,1,1,1,1,3,0.77,0.0001,0.77,1.0,top_game_sales_share_within_publisher,A publisher can be large because of many games or because one hit dominates.
publisher_hit_dependency,publisher_top_game,Pioneer LDC,NASCAR Racing,,publisher_sales_rank,10863.0,,,,4,4,1,1,2,4,0.75,0.0001,0.1875,0.56,top_game_sales_share_within_publisher,A publisher can be large because of many games or because one hit dominates.
publisher_hit_dependency,publisher_top_game,Gamebridge,Way of the Samurai 3,,publisher_sales_rank,10864.0,,,,1,2,2,1,1,4,0.73,0.0001,0.365,1.0,top_game_sales_share_within_publisher,A publisher can be large because of many games or because one hit dominates.
publisher_hit_dependency,publisher_top_game,Quest,Tactics Ogre: Let Us Cling Together,,publisher_sales_rank,10865.0,,,,1,1,1,1,1,1,0.71,0.0001,0.71,1.0,top_game_sales_share_within_publisher,A publisher can be large because of many games or because one hit dominates.
publisher_hit_dependency,publisher_top_game,Starfish,Big Bass World Championship,,publisher_sales_rank,10869.0,,,,10,10,5,1,4,4,0.71,0.0001,0.071,0.507,top_game_sales_share_within_publisher,A publisher can be large because of many games or because one hit dominates.
publisher_hit_dependency,publisher_top_game,Data Age,Airlock,,publisher_sales_rank,10900.0,,,,2,2,1,1,1,2,0.7,0.0001,0.35,0.5429,top_game_sales_share_within_publisher,A publisher can be large because of many games or because one hit dominates.
publisher_hit_dependency,publisher_top_game,Illusion Softworks,Mafia,,publisher_sales_rank,10901.0,,,,1,1,1,1,1,3,0.7,0.0001,0.7,1.0,top_game_sales_share_within_publisher,A publisher can be large because of many games or because one hit dominates.
publisher_hit_dependency,publisher_top_game,Media Rings,Zero4 Champ RR,,publisher_sales_rank,10911.0,,,,3,3,2,1,3,3,0.65,0.0001,0.2167,0.5538,top_game_sales_share_within_publisher,A publisher can be large because of many games or because one hit dominates.
publisher_hit_dependency,publisher_top_game,Elf,Nonomura Byoin no Hitobito,,publisher_sales_rank,10920.0,,,,2,2,1,1,2,1,0.64,0.0001,0.32,0.5625,top_game_sales_share_within_publisher,A publisher can be large because of many games or because one hit dominates.
publisher_hit_dependency,publisher_top_game,Wanadoo,Rygar: The Legendary Adventure,,publisher_sales_rank,10925.0,,,,4,5,4,1,3,4,0.64,0.0001,0.128,0.7188,top_game_sales_share_within_publisher,A publisher can be large because of many games or because one hit dominates.
publisher_hit_dependency,publisher_top_game,Universal Gamex,X-Man,,publisher_sales_rank,10932.0,,,,1,1,1,1,1,3,0.63,0.0001,0.63,1.0,top_game_sales_share_within_publisher,A publisher can be large because of many games or because one hit dominates.
publisher_hit_dependency,publisher_top_game,Wizard Video Games,Halloween,,publisher_sales_rank,10953.0,,,,1,1,1,1,1,3,0.62,0.0001,0.62,1.0,top_game_sales_share_within_publisher,A publisher can be large because of many games or because one hit dominates.
publisher_hit_dependency,publisher_top_game,ESP,Grandia,,publisher_sales_rank,10984.0,,,,5,5,3,1,5,3,0.59,0.0001,0.118,0.7119,top_game_sales_share_within_publisher,A publisher can be large because of many games or because one hit dominates.
publisher_hit_dependency,publisher_top_game,CPG Products,Action Force,,publisher_sales_rank,11020.0,,,,1,1,1,1,1,3,0.54,0.0001,0.54,1.0,top_game_sales_share_within_publisher,A publisher can be large because of many games or because one hit dominates.
publisher_hit_dependency,publisher_top_game,BPS,Tetris 2 + Bombliss,,publisher_sales_rank,11021.0,,,,2,2,2,1,2,1,0.52,0.0001,0.26,0.6154,top_game_sales_share_within_publisher,A publisher can be large because of many games or because one hit dominates.
publisher_hit_dependency,publisher_top_game,Answer Software,Gauntlet,,publisher_sales_rank,11027.0,,,,1,1,1,1,1,3,0.5,0.0001,0.5,1.0,top_game_sales_share_within_publisher,A publisher can be large because of many games or because one hit dominates.
publisher_hit_dependency,publisher_top_game,Hect,Thoroughbred Breeder II,,publisher_sales_rank,11030.0,,,,3,3,2,1,1,1,0.5,0.0001,0.1667,0.54,top_game_sales_share_within_publisher,A publisher can be large because of many games or because one hit dominates.
publisher_hit_dependency,publisher_top_game,Rebellion,Midnight Club: Street Racing,,publisher_sales_rank,11037.0,,,,2,2,1,1,1,3,0.49,0.0001,0.245,0.9796,top_game_sales_share_within_publisher,A publisher can be large because of many games or because one hit dominates.
publisher_hit_dependency,publisher_top_game,Activision Blizzard,World of Warcraft: Warlords of Draenor,,publisher_sales_rank,11044.0,,,,1,1,1,1,1,3,0.48,0.0001,0.48,1.0,top_game_sales_share_within_publisher,A publisher can be large because of many games or because one hit dominates.
publisher_hit_dependency,publisher_top_game,Pack In Soft,Harvest Moon 64,,publisher_sales_rank,11045.0,,,,1,1,1,1,1,4,0.48,0.0001,0.48,1.0,top_game_sales_share_within_publisher,A publisher can be large because of many games or because one hit dominates.
publisher_hit_dependency,publisher_top_game,bitComposer Games,Air Conflicts: Secret Wars,,publisher_sales_rank,11079.0,,,,3,5,3,1,2,3,0.44,0.0,0.088,0.7045,top_game_sales_share_within_publisher,A publisher can be large because of many games or because one hit dominates.
publisher_hit_dependency,publisher_top_game,Angel Studios,SD Gundam Gaiden: Knight Gundam Monogatari: Ooinaru Isan,,publisher_sales_rank,11080.0,,,,3,3,1,1,3,1,0.44,0.0,0.1467,0.6591,top_game_sales_share_within_publisher,A publisher can be large because of many games or because one hit dominates.
publisher_hit_dependency,publisher_top_game,Home Entertainment Suppliers,Jonah Lomu Rugby Challenge,,publisher_sales_rank,11083.0,,,,2,4,3,1,1,3,0.44,0.0,0.11,0.8864,top_game_sales_share_within_publisher,A publisher can be large because of many games or because one hit dominates.
publisher_hit_dependency,publisher_top_game,NEC,Doukyuusei if,,publisher_sales_rank,11085.0,,,,3,3,3,1,2,1,0.43,0.0,0.1433,0.6047,top_game_sales_share_within_publisher,A publisher can be large because of many games or because one hit dominates.
publisher_hit_dependency,publisher_top_game,Electronic Arts Victor,Triple Play 97,,publisher_sales_rank,11093.0,,,,2,2,1,1,2,3,0.43,0.0,0.215,0.907,top_game_sales_share_within_publisher,A publisher can be large because of many games or because one hit dominates.
publisher_hit_dependency,publisher_top_game,Jack of All Games,The Cat in the Hat,,publisher_sales_rank,11095.0,,,,3,3,2,1,2,3,0.42,0.0,0.14,0.9048,top_game_sales_share_within_publisher,A publisher can be large because of many games or because one hit dominates.
publisher_hit_dependency,publisher_top_game,TYO,JGTC: All-Japan Grand Touring Car Championship,,publisher_sales_rank,11098.0,,,,1,1,1,1,1,3,0.42,0.0,0.42,1.0,top_game_sales_share_within_publisher,A publisher can be large because of many games or because one hit dominates.
publisher_hit_dependency,publisher_top_game,Tetris Online,Tetris Axis,,publisher_sales_rank,11099.0,,,,1,1,1,1,1,4,0.42,0.0,0.42,1.0,top_game_sales_share_within_publisher,A publisher can be large because of many games or because one hit dominates.
publisher_hit_dependency,publisher_top_game,Magical Company,Unknown Game,,publisher_sales_rank,11115.0,,,,1,1,1,1,1,4,0.4,0.0,0.4,1.0,top_game_sales_share_within_publisher,A publisher can be large because of many games or because one hit dominates.
publisher_hit_dependency,publisher_top_game,NCS,Langrisser III,,publisher_sales_rank,11117.0,,,,3,3,1,1,1,1,0.4,0.0,0.1333,0.5,top_game_sales_share_within_publisher,A publisher can be large because of many games or because one hit dominates.
publisher_hit_dependency,publisher_top_game,P2 Games,Peppa Pig: Theme Park Fun,,publisher_sales_rank,11119.0,,,,3,3,2,1,2,3,0.39,0.0,0.13,0.8205,top_game_sales_share_within_publisher,A publisher can be large because of many games or because one hit dominates.
publisher_hit_dependency,publisher_top_game,ValuSoft,NHRA Championship Drag Racing,,publisher_sales_rank,11122.0,,,,4,4,3,1,3,3,0.39,0.0,0.0975,0.6154,top_game_sales_share_within_publisher,A publisher can be large because of many games or because one hit dominates.
publisher_hit_dependency,publisher_top_game,989 Sports,NCAA Final Four 2000,,publisher_sales_rank,11135.0,,,,1,1,1,1,1,3,0.37,0.0,0.37,1.0,top_game_sales_share_within_publisher,A publisher can be large because of many games or because one hit dominates.
publisher_hit_dependency,publisher_top_game,Performance Designed Products,Squeeballs Party,,publisher_sales_rank,11147.0,,,,1,2,2,1,1,2,0.36,0.0,0.18,1.0,top_game_sales_share_within_publisher,A publisher can be large because of many games or because one hit dominates.
publisher_hit_dependency,publisher_top_game,New,Boxer's Road,,publisher_sales_rank,11153.0,,,,1,1,1,1,1,2,0.35,0.0,0.35,1.0,top_game_sales_share_within_publisher,A publisher can be large because of many games or because one hit dominates.
publisher_hit_dependency,publisher_top_game,ITT Family Games,Alien's Return,,publisher_sales_rank,11154.0,,,,1,1,1,1,1,2,0.34,0.0,0.34,1.0,top_game_sales_share_within_publisher,A publisher can be large because of many games or because one hit dominates.
publisher_hit_dependency,publisher_top_game,Magix,Music Maker,,publisher_sales_rank,11166.0,,,,2,2,1,1,1,3,0.34,0.0,0.17,0.9118,top_game_sales_share_within_publisher,A publisher can be large because of many games or because one hit dominates.
publisher_hit_dependency,publisher_top_game,Indie Games,Armored Core: Nexus,,publisher_sales_rank,11196.0,,,,3,3,1,1,2,4,0.32,0.0,0.1067,0.8438,top_game_sales_share_within_publisher,A publisher can be large because of many games or because one hit dominates.
publisher_hit_dependency,publisher_top_game,Starpath Corp.,Fireball,,publisher_sales_rank,11199.0,,,,1,1,1,1,1,2,0.32,0.0,0.32,1.0,top_game_sales_share_within_publisher,A publisher can be large because of many games or because one hit dominates.
publisher_hit_dependency,publisher_top_game,Mad Catz,MC Groovz Dance Craze,,publisher_sales_rank,11201.0,,,,3,3,3,1,3,3,0.31,0.0,0.1033,0.6452,top_game_sales_share_within_publisher,A publisher can be large because of many games or because one hit dominates.
publisher_hit_dependency,publisher_top_game,Yacht Club Games,Shovel Knight,,publisher_sales_rank,11203.0,,,,1,3,3,1,1,4,0.31,0.0,0.1033,1.0,top_game_sales_share_within_publisher,A publisher can be large because of many games or because one hit dominates.
publisher_hit_dependency,publisher_top_game,Agatsuma Entertainment,Code of Princess,,publisher_sales_rank,11206.0,,,,3,3,2,1,3,4,0.31,0.0,0.1033,0.6452,top_game_sales_share_within_publisher,A publisher can be large because of many games or because one hit dominates.
publisher_hit_dependency,publisher_top_game,CBS Electronics,Mountain King,,publisher_sales_rank,11207.0,,,,1,1,1,1,1,2,0.31,0.0,0.31,1.0,top_game_sales_share_within_publisher,A publisher can be large because of many games or because one hit dominates.
publisher_hit_dependency,publisher_top_game,CokeM Interactive,Dr. Seuss: How the Grinch Stole Christmas,,publisher_sales_rank,11208.0,,,,1,1,1,1,1,2,0.31,0.0,0.31,1.0,top_game_sales_share_within_publisher,A publisher can be large because of many games or because one hit dominates.
publisher_hit_dependency,publisher_top_game,Hamster Corporation,Arcade Hits: Frisky Tom,,publisher_sales_rank,11216.0,,,,2,2,2,1,2,4,0.31,0.0,0.155,0.9355,top_game_sales_share_within_publisher,A publisher can be large because of many games or because one hit dominates.
publisher_hit_dependency,publisher_top_game,Daedalic,Deponia,,publisher_sales_rank,11220.0,,,,3,3,1,1,1,2,0.3,0.0,0.1,0.5333,top_game_sales_share_within_publisher,A publisher can be large because of many games or because one hit dominates.
publisher_hit_dependency,publisher_top_game,Neko Entertainment,Gunslingers,,publisher_sales_rank,11225.0,,,,6,7,2,1,5,3,0.3,0.0,0.0429,0.5333,top_game_sales_share_within_publisher,A publisher can be large because of many games or because one hit dominates.
publisher_hit_dependency,publisher_top_game,Core Design Ltd.,ThunderStrike 2,,publisher_sales_rank,11228.0,,,,2,2,1,1,2,3,0.29,0.0,0.145,0.6207,top_game_sales_share_within_publisher,A publisher can be large because of many games or because one hit dominates.
publisher_hit_dependency,publisher_top_game,Game Life,Easy Piano,,publisher_sales_rank,11229.0,,,,2,2,1,1,2,3,0.29,0.0,0.145,0.5862,top_game_sales_share_within_publisher,A publisher can be large because of many games or because one hit dominates.
publisher_hit_dependency,publisher_top_game,Media Factory,Derby Stallion 64,,publisher_sales_rank,11232.0,,,,2,2,2,1,2,1,0.29,0.0,0.145,0.5172,top_game_sales_share_within_publisher,A publisher can be large because of many games or because one hit dominates.
publisher_hit_dependency,publisher_top_game,Playmates,VMX Racing,,publisher_sales_rank,11233.0,,,,1,1,1,1,1,3,0.29,0.0,0.29,1.0,top_game_sales_share_within_publisher,A publisher can be large because of many games or because one hit dominates.
publisher_hit_dependency,publisher_top_game,Wargaming.net,World of Tanks,,publisher_sales_rank,11234.0,,,,1,1,1,1,1,2,0.29,0.0,0.29,1.0,top_game_sales_share_within_publisher,A publisher can be large because of many games or because one hit dominates.
publisher_hit_dependency,publisher_top_game,Rebellion Developments,Zombie Army Trilogy,,publisher_sales_rank,11235.0,,,,1,2,2,1,1,3,0.29,0.0,0.145,1.0,top_game_sales_share_within_publisher,A publisher can be large because of many games or because one hit dominates.
publisher_hit_dependency,publisher_top_game,Nichibutsu,Nichibutsu Arcade Classics,,publisher_sales_rank,11243.0,,,,1,1,1,1,1,1,0.28,0.0,0.28,1.0,top_game_sales_share_within_publisher,A publisher can be large because of many games or because one hit dominates.
publisher_hit_dependency,publisher_top_game,Tru Blu Entertainment,Don Bradman Cricket 14,,publisher_sales_rank,11247.0,,,,2,8,4,1,2,3,0.28,0.0,0.035,0.6786,top_game_sales_share_within_publisher,A publisher can be large because of many games or because one hit dominates.
publisher_hit_dependency,publisher_top_game,Vic Tokai,Dark Rift,,publisher_sales_rank,11249.0,,,,2,2,2,1,1,3,0.28,0.0,0.14,0.5357,top_game_sales_share_within_publisher,A publisher can be large because of many games or because one hit dominates.
publisher_hit_dependency,publisher_top_game,Culture Brain,Super Baseball Simulator 1.000,,publisher_sales_rank,11260.0,,,,4,4,2,1,4,1,0.27,0.0,0.0675,0.7407,top_game_sales_share_within_publisher,A publisher can be large because of many games or because one hit dominates.
publisher_hit_dependency,publisher_top_game,Syscom,Pachi-Slot Kanzen Kouryaku 3: Universal Koushiki Gaido Volume 3,,publisher_sales_rank,11264.0,,,,2,2,1,1,2,4,0.27,0.0,0.135,0.5926,top_game_sales_share_within_publisher,A publisher can be large because of many games or because one hit dominates.
publisher_hit_dependency,publisher_top_game,Axela,Combination Pro Soccer: J-League no Kantoku ni Natte Sekai wo Mezase!!,,publisher_sales_rank,11280.0,,,,1,1,1,1,1,2,0.26,0.0,0.26,1.0,top_game_sales_share_within_publisher,A publisher can be large because of many games or because one hit dominates.
publisher_hit_dependency,publisher_top_game,Liquid Games,ATV: Quad Power Racing,,publisher_sales_rank,11281.0,,,,2,2,1,1,2,2,0.26,0.0,0.13,0.9615,top_game_sales_share_within_publisher,A publisher can be large because of many games or because one hit dominates.
publisher_hit_dependency,publisher_top_game,Nippon Telenet,Parlor! Mini 4,,publisher_sales_rank,11284.0,,,,2,2,1,1,1,1,0.26,0.0,0.13,0.7308,top_game_sales_share_within_publisher,A publisher can be large because of many games or because one hit dominates.
publisher_hit_dependency,publisher_top_game,Pacific Century Cyber Works,Lowrider,,publisher_sales_rank,11285.0,,,,1,1,1,1,1,4,0.26,0.0,0.26,1.0,top_game_sales_share_within_publisher,A publisher can be large because of many games or because one hit dominates.
publisher_hit_dependency,publisher_top_game,Xing Entertainment,K-1 Revenge,,publisher_sales_rank,11300.0,,,,1,1,1,1,1,4,0.25,0.0,0.25,1.0,top_game_sales_share_within_publisher,A publisher can be large because of many games or because one hit dominates.
publisher_hit_dependency,publisher_top_game,Vir2L Studios,Medieval Games,,publisher_sales_rank,11301.0,,,,3,3,2,1,3,3,0.24,0.0,0.08,0.6667,top_game_sales_share_within_publisher,A publisher can be large because of many games or because one hit dominates.
publisher_hit_dependency,publisher_top_game,American Softworks,Perfect Weapon,,publisher_sales_rank,11304.0,,,,1,1,1,1,1,3,0.24,0.0,0.24,1.0,top_game_sales_share_within_publisher,A publisher can be large because of many games or because one hit dominates.
publisher_hit_dependency,publisher_top_game,Essential Games,Global Defence Force,,publisher_sales_rank,11322.0,,,,3,3,1,1,3,2,0.23,0.0,0.0767,0.7391,top_game_sales_share_within_publisher,A publisher can be large because of many games or because one hit dominates.
publisher_hit_dependency,publisher_top_game,Detn8 Games,Ultimate Duck Hunting: Hunting & Retrieving Ducks,,publisher_sales_rank,11325.0,,,,1,1,1,1,1,2,0.23,0.0,0.23,1.0,top_game_sales_share_within_publisher,A publisher can be large because of many games or because one hit dominates.
publisher_hit_dependency,publisher_top_game,Bomb,Assault,,publisher_sales_rank,11343.0,,,,1,1,1,1,1,2,0.22,0.0,0.22,1.0,top_game_sales_share_within_publisher,A publisher can be large because of many games or because one hit dominates.
publisher_hit_dependency,publisher_top_game,Vatical Entertainment,Polaris SnoCross,,publisher_sales_rank,11344.0,,,,1,2,2,1,1,3,0.22,0.0,0.11,1.0,top_game_sales_share_within_publisher,A publisher can be large because of many games or because one hit dominates.
publisher_hit_dependency,publisher_top_game,CCP,EVE Online,,publisher_sales_rank,11345.0,,,,1,1,1,1,1,2,0.21,0.0,0.21,1.0,top_game_sales_share_within_publisher,A publisher can be large because of many games or because one hit dominates.
publisher_hit_dependency,publisher_top_game,On Demand,Angel Blade: Neo Tokyo Guardians,,publisher_sales_rank,11350.0,,,,1,1,1,1,1,3,0.21,0.0,0.21,1.0,top_game_sales_share_within_publisher,A publisher can be large because of many games or because one hit dominates.
publisher_hit_dependency,publisher_top_game,System 3,Putty Squad,,publisher_sales_rank,11351.0,,,,1,3,3,1,1,3,0.21,0.0,0.07,1.0,top_game_sales_share_within_publisher,A publisher can be large because of many games or because one hit dominates.
publisher_hit_dependency,publisher_top_game,Alternative Software,Rugby Challenge 3,,publisher_sales_rank,11352.0,,,,3,6,6,1,2,2,0.21,0.0,0.035,0.5714,top_game_sales_share_within_publisher,A publisher can be large because of many games or because one hit dominates.
publisher_hit_dependency,publisher_top_game,Merscom LLC,Shutter Island,,publisher_sales_rank,11355.0,,,,1,1,1,1,1,2,0.2,0.0,0.2,1.0,top_game_sales_share_within_publisher,A publisher can be large because of many games or because one hit dominates.
publisher_hit_dependency,publisher_top_game,Micro Cabin,Sword & Sorcery,,publisher_sales_rank,11361.0,,,,3,3,2,1,3,1,0.2,0.0,0.0667,0.5,top_game_sales_share_within_publisher,A publisher can be large because of many games or because one hit dominates.
publisher_hit_dependency,publisher_top_game,Funcom,The Secret World,,publisher_sales_rank,11364.0,,,,2,2,1,1,1,3,0.19,0.0,0.095,0.8947,top_game_sales_share_within_publisher,A publisher can be large because of many games or because one hit dominates.
publisher_hit_dependency,publisher_top_game,SSI,Allied General,,publisher_sales_rank,11366.0,,,,1,1,1,1,1,3,0.19,0.0,0.19,1.0,top_game_sales_share_within_publisher,A publisher can be large because of many games or because one hit dominates.
publisher_hit_dependency,publisher_top_game,Adeline Software,Time Commando,,publisher_sales_rank,11372.0,,,,1,1,1,1,1,3,0.18,0.0,0.18,1.0,top_game_sales_share_within_publisher,A publisher can be large because of many games or because one hit dominates.
publisher_hit_dependency,publisher_top_game,CDV Software Entertainment,Igor: The Game,,publisher_sales_rank,11377.0,,,,6,6,3,1,4,3,0.18,0.0,0.03,0.5556,top_game_sales_share_within_publisher,A publisher can be large because of many games or because one hit dominates.
publisher_hit_dependency,publisher_top_game,Gamecock,Hail to the Chimp,,publisher_sales_rank,11379.0,,,,3,4,4,1,3,2,0.18,0.0,0.045,0.5556,top_game_sales_share_within_publisher,A publisher can be large because of many games or because one hit dominates.
publisher_hit_dependency,publisher_top_game,Media Works,Ojyousama Express,,publisher_sales_rank,11383.0,,,,4,5,3,1,3,1,0.18,0.0,0.036,0.5,top_game_sales_share_within_publisher,A publisher can be large because of many games or because one hit dominates.
publisher_hit_dependency,publisher_top_game,Asmik Corp,Derby Jockey 2,,publisher_sales_rank,11386.0,,,,2,2,1,1,1,1,0.17,0.0,0.085,0.5882,top_game_sales_share_within_publisher,A publisher can be large because of many games or because one hit dominates.
publisher_hit_dependency,publisher_top_game,DHM Interactive,Lovely Lisa,,publisher_sales_rank,11390.0,,,,3,3,2,1,3,2,0.17,0.0,0.0567,0.7059,top_game_sales_share_within_publisher,A publisher can be large because of many games or because one hit dominates.
publisher_hit_dependency,publisher_top_game,Gainax Network Systems,Shinseiki Evangelion: Koutetsu no Girlfriend,,publisher_sales_rank,11392.0,,,,2,2,1,1,2,2,0.17,0.0,0.085,0.7059,top_game_sales_share_within_publisher,A publisher can be large because of many games or because one hit dominates.
publisher_hit_dependency,publisher_top_game,Panther Software,Space Griffon VF-9,,publisher_sales_rank,11396.0,,,,1,1,1,1,1,4,0.17,0.0,0.17,1.0,top_game_sales_share_within_publisher,A publisher can be large because of many games or because one hit dominates.
publisher_hit_dependency,publisher_top_game,Xicat Interactive,Top Angler: Real Bass Fishing,,publisher_sales_rank,11402.0,,,,3,3,2,1,3,3,0.16,0.0,0.0533,0.625,top_game_sales_share_within_publisher,A publisher can be large because of many games or because one hit dominates.
publisher_hit_dependency,publisher_top_game,Aques,Power Stakes,,publisher_sales_rank,11404.0,,,,1,1,1,1,1,2,0.16,0.0,0.16,1.0,top_game_sales_share_within_publisher,A publisher can be large because of many games or because one hit dominates.
publisher_hit_dependency,publisher_top_game,Slitherine Software,The History Channel: Great Battles - Medieval,,publisher_sales_rank,11410.0,,,,2,3,3,1,1,3,0.16,0.0,0.0533,0.8125,top_game_sales_share_within_publisher,A publisher can be large because of many games or because one hit dominates.
publisher_hit_dependency,publisher_top_game,EA Games,Syndicate,,publisher_sales_rank,11417.0,,,,1,1,1,1,1,3,0.15,0.0,0.15,1.0,top_game_sales_share_within_publisher,A publisher can be large because of many games or because one hit dominates.
publisher_hit_dependency,publisher_top_game,White Park Bay Software,WordJong,,publisher_sales_rank,11418.0,,,,1,1,1,1,1,3,0.15,0.0,0.15,1.0,top_game_sales_share_within_publisher,A publisher can be large because of many games or because one hit dominates.
publisher_hit_dependency,publisher_top_game,Data East,Doukoku Shoshite...,,publisher_sales_rank,11419.0,,,,2,2,2,1,2,1,0.15,0.0,0.075,0.7333,top_game_sales_share_within_publisher,A publisher can be large because of many games or because one hit dominates.
publisher_hit_dependency,publisher_top_game,Funsta,7 Wonders of the Ancient World,,publisher_sales_rank,11421.0,,,,3,3,2,1,2,3,0.15,0.0,0.05,0.8,top_game_sales_share_within_publisher,A publisher can be large because of many games or because one hit dominates.
publisher_hit_dependency,publisher_top_game,Game Arts,"Lunar 2: Eternal Blue(sales, but wrong system)",,publisher_sales_rank,11428.0,,,,1,1,1,1,1,1,0.14,0.0,0.14,1.0,top_game_sales_share_within_publisher,A publisher can be large because of many games or because one hit dominates.
publisher_hit_dependency,publisher_top_game,General Entertainment,Project V6,,publisher_sales_rank,11429.0,,,,1,1,1,1,1,2,0.14,0.0,0.14,1.0,top_game_sales_share_within_publisher,A publisher can be large because of many games or because one hit dominates.
publisher_hit_dependency,publisher_top_game,Imadio,Desire,,publisher_sales_rank,11430.0,,,,1,1,1,1,1,1,0.14,0.0,0.14,1.0,top_game_sales_share_within_publisher,A publisher can be large because of many games or because one hit dominates.
publisher_hit_dependency,publisher_top_game,Myelin Media,Stacked with Daniel Negreanu,,publisher_sales_rank,11436.0,,,,1,3,3,1,1,3,0.14,0.0,0.0467,1.0,top_game_sales_share_within_publisher,A publisher can be large because of many games or because one hit dominates.
publisher_hit_dependency,publisher_top_game,Sony Music Entertainment,Space Venus starring Morning Musume,,publisher_sales_rank,11437.0,,,,1,1,1,1,1,1,0.14,0.0,0.14,1.0,top_game_sales_share_within_publisher,A publisher can be large because of many games or because one hit dominates.
publisher_hit_dependency,publisher_top_game,responDESIGN,Yourself Fitness,,publisher_sales_rank,11438.0,,,,1,2,2,1,1,3,0.14,0.0,0.07,1.0,top_game_sales_share_within_publisher,A publisher can be large because of many games or because one hit dominates.
publisher_hit_dependency,publisher_top_game,SCS Software,Euro Truck Simulator 2,,publisher_sales_rank,11439.0,,,,1,1,1,1,1,2,0.14,0.0,0.14,1.0,top_game_sales_share_within_publisher,A publisher can be large because of many games or because one hit dominates.
publisher_hit_dependency,publisher_top_game,DreamWorks Interactive,SkullMonkeys,,publisher_sales_rank,11440.0,,,,1,1,1,1,1,3,0.13,0.0,0.13,1.0,top_game_sales_share_within_publisher,A publisher can be large because of many games or because one hit dominates.
publisher_hit_dependency,publisher_top_game,FunSoft,Burning Road,,publisher_sales_rank,11441.0,,,,1,1,1,1,1,3,0.13,0.0,0.13,1.0,top_game_sales_share_within_publisher,A publisher can be large because of many games or because one hit dominates.
publisher_hit_dependency,publisher_top_game,HMH Interactive,The Book of Unwritten Tales,,publisher_sales_rank,11442.0,,,,2,2,2,1,2,2,0.13,0.0,0.065,0.7692,top_game_sales_share_within_publisher,A publisher can be large because of many games or because one hit dominates.
publisher_hit_dependency,publisher_top_game,LSP Games,Sitting Ducks,,publisher_sales_rank,11445.0,,,,3,4,2,1,3,3,0.13,0.0,0.0325,0.6923,top_game_sales_share_within_publisher,A publisher can be large because of many games or because one hit dominates.
publisher_hit_dependency,publisher_top_game,Moss,Raiden IV,,publisher_sales_rank,11447.0,,,,2,2,1,1,1,3,0.13,0.0,0.065,0.9231,top_game_sales_share_within_publisher,A publisher can be large because of many games or because one hit dominates.
publisher_hit_dependency,publisher_top_game,Tripwire Interactive,Red Orchestra 2: Heroes of Stalingrad,,publisher_sales_rank,11449.0,,,,1,1,1,1,1,3,0.13,0.0,0.13,1.0,top_game_sales_share_within_publisher,A publisher can be large because of many games or because one hit dominates.
publisher_hit_dependency,publisher_top_game,Bohemia Interactive,ArmA III,,publisher_sales_rank,11450.0,,,,1,1,1,1,1,2,0.12,0.0,0.12,1.0,top_game_sales_share_within_publisher,A publisher can be large because of many games or because one hit dominates.
publisher_hit_dependency,publisher_top_game,SPS,HardBall 5,,publisher_sales_rank,11451.0,,,,1,1,1,1,1,3,0.12,0.0,0.12,1.0,top_game_sales_share_within_publisher,A publisher can be large because of many games or because one hit dominates.
publisher_hit_dependency,publisher_top_game,Daedalic Entertainment,Goodbye Deponia,,publisher_sales_rank,11452.0,,,,3,3,1,1,1,2,0.12,0.0,0.04,0.5833,top_game_sales_share_within_publisher,A publisher can be large because of many games or because one hit dominates.
publisher_hit_dependency,publisher_top_game,Flight-Plan,Dragon Shadow Spell,,publisher_sales_rank,11455.0,,,,2,2,1,1,2,1,0.12,0.0,0.06,0.6667,top_game_sales_share_within_publisher,A publisher can be large because of many games or because one hit dominates.
publisher_hit_dependency,publisher_top_game,Havas Interactive,Diablo II,,publisher_sales_rank,11457.0,,,,1,1,1,1,1,3,0.12,0.0,0.12,1.0,top_game_sales_share_within_publisher,A publisher can be large because of many games or because one hit dominates.
publisher_hit_dependency,publisher_top_game,T&E Soft,Harukanaru Augusta 2: Masters,,publisher_sales_rank,11458.0,,,,1,1,1,1,1,1,0.12,0.0,0.12,1.0,top_game_sales_share_within_publisher,A publisher can be large because of many games or because one hit dominates.
publisher_hit_dependency,publisher_top_game,10TACLE Studios,Panzer Tactics,,publisher_sales_rank,11460.0,,,,3,3,2,1,3,2,0.11,0.0,0.0367,0.5455,top_game_sales_share_within_publisher,A publisher can be large because of many games or because one hit dominates.
publisher_hit_dependency,publisher_top_game,Ascaron Entertainment GmbH,Sacred 2: Fallen Angel,,publisher_sales_rank,11462.0,,,,3,3,1,1,2,2,0.11,0.0,0.0367,0.5455,top_game_sales_share_within_publisher,A publisher can be large because of many games or because one hit dominates.
publisher_hit_dependency,publisher_top_game,Gameloft,Guitar Rock Tour,,publisher_sales_rank,11465.0,,,,1,1,1,1,1,2,0.11,0.0,0.11,1.0,top_game_sales_share_within_publisher,A publisher can be large because of many games or because one hit dominates.
publisher_hit_dependency,publisher_top_game,Insomniac Games,Song of the Deep,,publisher_sales_rank,11466.0,,,,1,3,3,1,1,2,0.11,0.0,0.0367,1.0,top_game_sales_share_within_publisher,A publisher can be large because of many games or because one hit dominates.
publisher_hit_dependency,publisher_top_game,NDA Productions,Die Hard: Vendetta,,publisher_sales_rank,11467.0,,,,1,1,1,1,1,2,0.11,0.0,0.11,1.0,top_game_sales_share_within_publisher,A publisher can be large because of many games or because one hit dominates.
publisher_hit_dependency,publisher_top_game,Pack-In-Video,A llI S.V.: A Ressha de Gyoukou 3 Super Version,,publisher_sales_rank,11468.0,,,,2,2,1,1,2,1,0.11,0.0,0.055,0.5455,top_game_sales_share_within_publisher,A publisher can be large because of many games or because one hit dominates.
publisher_hit_dependency,publisher_top_game,PopTop Software,Railroad Tycoon II,,publisher_sales_rank,11470.0,,,,1,1,1,1,1,3,0.11,0.0,0.11,1.0,top_game_sales_share_within_publisher,A publisher can be large because of many games or because one hit dominates.
publisher_hit_dependency,publisher_top_game,TOHO,Ranma 1/2: Akanekodan Teki Hihou,,publisher_sales_rank,11471.0,,,,1,1,1,1,1,1,0.11,0.0,0.11,1.0,top_game_sales_share_within_publisher,A publisher can be large because of many games or because one hit dominates.
publisher_hit_dependency,publisher_top_game,1C Company,Men of War: Assault Squad,,publisher_sales_rank,11479.0,,,,3,3,1,1,3,3,0.1,0.0,0.0333,0.5,top_game_sales_share_within_publisher,A publisher can be large because of many games or because one hit dominates.
publisher_hit_dependency,publisher_top_game,Arika,The Nightmare of Druaga: Fushigino Dungeon,,publisher_sales_rank,11481.0,,,,3,3,2,1,3,4,0.1,0.0,0.0333,0.6,top_game_sales_share_within_publisher,A publisher can be large because of many games or because one hit dominates.
publisher_hit_dependency,publisher_top_game,GameTek,Jeopardy!,,publisher_sales_rank,11483.0,,,,1,1,1,1,1,2,0.1,0.0,0.1,1.0,top_game_sales_share_within_publisher,A publisher can be large because of many games or because one hit dominates.
publisher_hit_dependency,publisher_top_game,Image Epoch,Sol Trigger,,publisher_sales_rank,11484.0,,,,1,1,1,1,1,1,0.1,0.0,0.1,1.0,top_game_sales_share_within_publisher,A publisher can be large because of many games or because one hit dominates.
publisher_hit_dependency,publisher_top_game,Interplay Productions,Descent Maximum,,publisher_sales_rank,11489.0,,,,1,1,1,1,1,3,0.1,0.0,0.1,1.0,top_game_sales_share_within_publisher,A publisher can be large because of many games or because one hit dominates.
publisher_hit_dependency,publisher_top_game,Simon & Schuster Interactive,Outlaw Golf: Nine Holes of Christmas,,publisher_sales_rank,11490.0,,,,1,1,1,1,1,2,0.1,0.0,0.1,1.0,top_game_sales_share_within_publisher,A publisher can be large because of many games or because one hit dominates.
publisher_hit_dependency,publisher_top_game,Type-Moon,Fate/hollow ataraxia,,publisher_sales_rank,11495.0,,,,1,1,1,1,1,1,0.1,0.0,0.1,1.0,top_game_sales_share_within_publisher,A publisher can be large because of many games or because one hit dominates.
publisher_hit_dependency,publisher_top_game,Creative Core,Mame Goma 2: Uchi no Ko ga Ichiban!,,publisher_sales_rank,11498.0,,,,3,3,1,1,3,1,0.1,0.0,0.0333,0.6,top_game_sales_share_within_publisher,A publisher can be large because of many games or because one hit dominates.
publisher_hit_dependency,publisher_top_game,Enjoy Gaming ltd.,System Flaw,,publisher_sales_rank,11499.0,,,,1,1,1,1,1,2,0.1,0.0,0.1,1.0,top_game_sales_share_within_publisher,A publisher can be large because of many games or because one hit dominates.
publisher_hit_dependency,publisher_top_game,PM Studios,DJ Max Fever,,publisher_sales_rank,11500.0,,,,1,1,1,1,1,2,0.1,0.0,0.1,1.0,top_game_sales_share_within_publisher,A publisher can be large because of many games or because one hit dominates.
publisher_hit_dependency,publisher_top_game,Phantom EFX,Darkest of Days,,publisher_sales_rank,11501.0,,,,1,1,1,1,1,2,0.1,0.0,0.1,1.0,top_game_sales_share_within_publisher,A publisher can be large because of many games or because one hit dominates.
publisher_hit_dependency,publisher_top_game,Athena,Gambler Densetsu Tetsuya,,publisher_sales_rank,11503.0,,,,2,2,2,1,2,2,0.09,0.0,0.045,0.7778,top_game_sales_share_within_publisher,A publisher can be large because of many games or because one hit dominates.
publisher_hit_dependency,publisher_top_game,Edia,MAPLUS: Portable Navi,,publisher_sales_rank,11505.0,,,,2,2,1,1,1,1,0.09,0.0,0.045,0.7778,top_game_sales_share_within_publisher,A publisher can be large because of many games or because one hit dominates.
publisher_hit_dependency,publisher_top_game,Groove Games,Land of the Dead: Road to Fiddler's Green,,publisher_sales_rank,11506.0,,,,2,2,1,1,1,2,0.09,0.0,0.045,0.6667,top_game_sales_share_within_publisher,A publisher can be large because of many games or because one hit dominates.
publisher_hit_dependency,publisher_top_game,Culture Publishers,Hello Kitty's Cube Frenzy,,publisher_sales_rank,11508.0,,,,1,1,1,1,1,3,0.09,0.0,0.09,1.0,top_game_sales_share_within_publisher,A publisher can be large because of many games or because one hit dominates.
publisher_hit_dependency,publisher_top_game,Griffin International,Bass Pro Shops: The Hunt,,publisher_sales_rank,11509.0,,,,1,1,1,1,1,2,0.09,0.0,0.09,1.0,top_game_sales_share_within_publisher,A publisher can be large because of many games or because one hit dominates.
publisher_hit_dependency,publisher_top_game,Hearty Robin,Sotsugyou Crossworld,,publisher_sales_rank,11510.0,,,,1,1,1,1,1,2,0.09,0.0,0.09,1.0,top_game_sales_share_within_publisher,A publisher can be large because of many games or because one hit dominates.
publisher_hit_dependency,publisher_top_game,Nippon Amuse,Million God,,publisher_sales_rank,11511.0,,,,1,1,1,1,1,1,0.09,0.0,0.09,1.0,top_game_sales_share_within_publisher,A publisher can be large because of many games or because one hit dominates.
publisher_hit_dependency,publisher_top_game,Origin Systems,Wing Commander IV: The Price of Freedom,,publisher_sales_rank,11512.0,,,,1,1,1,1,1,3,0.09,0.0,0.09,1.0,top_game_sales_share_within_publisher,A publisher can be large because of many games or because one hit dominates.
publisher_hit_dependency,publisher_top_game,Tradewest,Winter Sports 3: The Great Tournament,,publisher_sales_rank,11513.0,,,,1,3,3,1,1,3,0.09,0.0,0.03,1.0,top_game_sales_share_within_publisher,A publisher can be large because of many games or because one hit dominates.
publisher_hit_dependency,publisher_top_game,inXile Entertainment,Wasteland 2,,publisher_sales_rank,11514.0,,,,1,1,1,1,1,3,0.09,0.0,0.09,1.0,top_game_sales_share_within_publisher,A publisher can be large because of many games or because one hit dominates.
publisher_hit_dependency,publisher_top_game,Abylight,Man vs. Wild,,publisher_sales_rank,11515.0,,,,1,1,1,1,1,2,0.08,0.0,0.08,1.0,top_game_sales_share_within_publisher,A publisher can be large because of many games or because one hit dominates.
publisher_hit_dependency,publisher_top_game,Cloud Imperium Games Corporation,Deadliest Warrior: Ancient Combat,,publisher_sales_rank,11516.0,,,,1,2,2,1,1,1,0.08,0.0,0.04,1.0,top_game_sales_share_within_publisher,A publisher can be large because of many games or because one hit dominates.
publisher_hit_dependency,publisher_top_game,Flashpoint Games,Super Army War,,publisher_sales_rank,11517.0,,,,2,2,2,1,2,2,0.08,0.0,0.04,0.5,top_game_sales_share_within_publisher,A publisher can be large because of many games or because one hit dominates.
publisher_hit_dependency,publisher_top_game,Glams,Quo Vadis,,publisher_sales_rank,11519.0,,,,1,1,1,1,1,1,0.08,0.0,0.08,1.0,top_game_sales_share_within_publisher,A publisher can be large because of many games or because one hit dominates.
publisher_hit_dependency,publisher_top_game,Milestone,Ultimate Shooting Collection,,publisher_sales_rank,11524.0,,,,1,1,1,1,1,1,0.08,0.0,0.08,1.0,top_game_sales_share_within_publisher,A publisher can be large because of many games or because one hit dominates.
publisher_hit_dependency,publisher_top_game,Mitsui,Knife Edge: NoseGunner,,publisher_sales_rank,11525.0,,,,1,1,1,1,1,2,0.08,0.0,0.08,1.0,top_game_sales_share_within_publisher,A publisher can be large because of many games or because one hit dominates.
publisher_hit_dependency,publisher_top_game,Seventh Chord,Kamen Rider: Travelers Senki,,publisher_sales_rank,11526.0,,,,1,1,1,1,1,1,0.08,0.0,0.08,1.0,top_game_sales_share_within_publisher,A publisher can be large because of many games or because one hit dominates.
publisher_hit_dependency,publisher_top_game,Revolution Software,Broken Sword 5: The Serpent's Curse,,publisher_sales_rank,11527.0,,,,1,2,2,1,1,2,0.08,0.0,0.04,1.0,top_game_sales_share_within_publisher,A publisher can be large because of many games or because one hit dominates.
publisher_hit_dependency,publisher_top_game,Altron,Pocky & Rocky with Becky,,publisher_sales_rank,11528.0,,,,1,1,1,1,1,2,0.07,0.0,0.07,1.0,top_game_sales_share_within_publisher,A publisher can be large because of many games or because one hit dominates.
publisher_hit_dependency,publisher_top_game,Aria,Yoake Yori Ruriiro na: Brighter than Dawning Blue,,publisher_sales_rank,11529.0,,,,1,1,1,1,1,1,0.07,0.0,0.07,1.0,top_game_sales_share_within_publisher,A publisher can be large because of many games or because one hit dominates.
publisher_hit_dependency,publisher_top_game,Coconuts Japan,Pachinko Wars II,,publisher_sales_rank,11531.0,,,,2,2,2,1,2,3,0.07,0.0,0.035,0.7143,top_game_sales_share_within_publisher,A publisher can be large because of many games or because one hit dominates.
publisher_hit_dependency,publisher_top_game,Crimson Cow,The Book of Unwritten Tales: The Critter Chronicles,,publisher_sales_rank,11532.0,,,,2,2,1,1,2,2,0.07,0.0,0.035,0.8571,top_game_sales_share_within_publisher,A publisher can be large because of many games or because one hit dominates.
publisher_hit_dependency,publisher_top_game,Elite,Strike Point,,publisher_sales_rank,11534.0,,,,1,1,1,1,1,2,0.07,0.0,0.07,1.0,top_game_sales_share_within_publisher,A publisher can be large because of many games or because one hit dominates.
publisher_hit_dependency,publisher_top_game,Locus,Wizardry: Llylgamyn Saga,,publisher_sales_rank,11541.0,,,,1,1,1,1,1,1,0.07,0.0,0.07,1.0,top_game_sales_share_within_publisher,A publisher can be large because of many games or because one hit dominates.
publisher_hit_dependency,publisher_top_game,Misawa,Keiba Eight Special,,publisher_sales_rank,11542.0,,,,2,2,1,1,1,1,0.07,0.0,0.035,0.7143,top_game_sales_share_within_publisher,A publisher can be large because of many games or because one hit dominates.
publisher_hit_dependency,publisher_top_game,Warp,Real Sound: Kaze no Riguretto,,publisher_sales_rank,11547.0,,,,1,1,1,1,1,1,0.07,0.0,0.07,1.0,top_game_sales_share_within_publisher,A publisher can be large because of many games or because one hit dominates.
publisher_hit_dependency,publisher_top_game,Dusenberry Martin Racing,NASCAR Heat Evolution,,publisher_sales_rank,11551.0,,,,1,2,2,1,1,2,0.06,0.0,0.03,1.0,top_game_sales_share_within_publisher,A publisher can be large because of many games or because one hit dominates.
publisher_hit_dependency,publisher_top_game,Experience Inc.,Tsurugi no Machi no Ihoujin: Kuro no Kyuuden,,publisher_sales_rank,11554.0,,,,3,3,1,1,1,1,0.06,0.0,0.02,0.6667,top_game_sales_share_within_publisher,A publisher can be large because of many games or because one hit dominates.
publisher_hit_dependency,publisher_top_game,MC2 Entertainment,Obscure,,publisher_sales_rank,11556.0,,,,3,3,2,1,2,2,0.06,0.0,0.02,0.6667,top_game_sales_share_within_publisher,A publisher can be large because of many games or because one hit dominates.
publisher_hit_dependency,publisher_top_game,Milestone S.r.l,Sébastien Loeb Rally Evo,,publisher_sales_rank,11558.0,,,,1,2,2,1,1,2,0.06,0.0,0.03,1.0,top_game_sales_share_within_publisher,A publisher can be large because of many games or because one hit dominates.
publisher_hit_dependency,publisher_top_game,WayForward Technologies,Goosebumps: The Game,,publisher_sales_rank,11559.0,,,,1,1,1,1,1,2,0.06,0.0,0.06,1.0,top_game_sales_share_within_publisher,A publisher can be large because of many games or because one hit dominates.
publisher_hit_dependency,publisher_top_game,iWin,Jewel Quest IV: Heritage,,publisher_sales_rank,11560.0,,,,1,1,1,1,1,2,0.06,0.0,0.06,1.0,top_game_sales_share_within_publisher,A publisher can be large because of many games or because one hit dominates.
publisher_hit_dependency,publisher_top_game,7G//AMES,Germany's Next Topmodel 2011,,publisher_sales_rank,11561.0,,,,3,4,2,1,3,1,0.06,0.0,0.015,0.5,top_game_sales_share_within_publisher,A publisher can be large because of many games or because one hit dominates.
publisher_hit_dependency,publisher_top_game,DigiCube,Eikan wa Kimini 2002: Koshien no Kodou,,publisher_sales_rank,11564.0,,,,1,1,1,1,1,1,0.06,0.0,0.06,1.0,top_game_sales_share_within_publisher,A publisher can be large because of many games or because one hit dominates.
publisher_hit_dependency,publisher_top_game,Ecole,Melty Blood: Actress Again,,publisher_sales_rank,11565.0,,,,1,1,1,1,1,1,0.06,0.0,0.06,1.0,top_game_sales_share_within_publisher,A publisher can be large because of many games or because one hit dominates.
publisher_hit_dependency,publisher_top_game,Evolution Games,OverBlood 2,,publisher_sales_rank,11566.0,,,,1,1,1,1,1,1,0.06,0.0,0.06,1.0,top_game_sales_share_within_publisher,A publisher can be large because of many games or because one hit dominates.
publisher_hit_dependency,publisher_top_game,Fortyfive,July,,publisher_sales_rank,11567.0,,,,1,1,1,1,1,1,0.06,0.0,0.06,1.0,top_game_sales_share_within_publisher,A publisher can be large because of many games or because one hit dominates.
publisher_hit_dependency,publisher_top_game,Grand Prix Games,Hajime no Ippo Portable: Victorious Spirits,,publisher_sales_rank,11568.0,,,,1,1,1,1,1,1,0.06,0.0,0.06,1.0,top_game_sales_share_within_publisher,A publisher can be large because of many games or because one hit dominates.
publisher_hit_dependency,publisher_top_game,HAL Laboratory,Adventures of Lolo,,publisher_sales_rank,11569.0,,,,1,1,1,1,1,1,0.06,0.0,0.06,1.0,top_game_sales_share_within_publisher,A publisher can be large because of many games or because one hit dominates.
publisher_hit_dependency,publisher_top_game,Imax,Super Mahjong 2: Honkaku 4Jin Uchi,,publisher_sales_rank,11570.0,,,,1,1,1,1,1,1,0.06,0.0,0.06,1.0,top_game_sales_share_within_publisher,A publisher can be large because of many games or because one hit dominates.
publisher_hit_dependency,publisher_top_game,Office Create,Cooking Mama 5: Bon Appetit!,,publisher_sales_rank,11575.0,,,,2,2,1,1,1,1,0.06,0.0,0.03,0.5,top_game_sales_share_within_publisher,A publisher can be large because of many games or because one hit dominates.
publisher_hit_dependency,publisher_top_game,Sonnet,Tokimeki Mahjong Paradise: Koi no Tenpai Beat,,publisher_sales_rank,11576.0,,,,2,2,1,1,1,1,0.06,0.0,0.03,0.6667,top_game_sales_share_within_publisher,A publisher can be large because of many games or because one hit dominates.
publisher_hit_dependency,publisher_top_game,Virtual Play Games,City Builder,,publisher_sales_rank,11579.0,,,,2,2,1,1,2,1,0.06,0.0,0.03,0.6667,top_game_sales_share_within_publisher,A publisher can be large because of many games or because one hit dominates.
publisher_hit_dependency,publisher_top_game,Yumedia,Tenchi Muyou! Ryoukouki Gokuraku,,publisher_sales_rank,11580.0,,,,1,1,1,1,1,1,0.06,0.0,0.06,1.0,top_game_sales_share_within_publisher,A publisher can be large because of many games or because one hit dominates.
publisher_hit_dependency,publisher_top_game,Zenrin,Minna no Chizu,,publisher_sales_rank,11582.0,,,,2,2,1,1,1,1,0.06,0.0,0.03,0.6667,top_game_sales_share_within_publisher,A publisher can be large because of many games or because one hit dominates.
publisher_hit_dependency,publisher_top_game,Alawar Entertainment,Farm Frenzy 3,,publisher_sales_rank,11584.0,,,,2,2,1,1,2,2,0.05,0.0,0.025,0.8,top_game_sales_share_within_publisher,A publisher can be large because of many games or because one hit dominates.
publisher_hit_dependency,publisher_top_game,Ertain,Air Traffic Chaos,,publisher_sales_rank,11585.0,,,,1,1,1,1,1,1,0.05,0.0,0.05,1.0,top_game_sales_share_within_publisher,A publisher can be large because of many games or because one hit dominates.
publisher_hit_dependency,publisher_top_game,GN Software,Akane Iro ni Somaru Saka Parallel,,publisher_sales_rank,11589.0,,,,3,3,2,1,1,1,0.05,0.0,0.0167,0.6,top_game_sales_share_within_publisher,A publisher can be large because of many games or because one hit dominates.
publisher_hit_dependency,publisher_top_game,Mamba Games,The Void,,publisher_sales_rank,11592.0,,,,2,2,1,1,2,2,0.05,0.0,0.025,0.8,top_game_sales_share_within_publisher,A publisher can be large because of many games or because one hit dominates.
publisher_hit_dependency,publisher_top_game,Marvel Entertainment,Luminous Arc Infinity,,publisher_sales_rank,11594.0,,,,1,1,1,1,1,1,0.05,0.0,0.05,1.0,top_game_sales_share_within_publisher,A publisher can be large because of many games or because one hit dominates.
publisher_hit_dependency,publisher_top_game,Max Five,Hoshigami: Ruining Blue Earth,,publisher_sales_rank,11595.0,,,,1,1,1,1,1,2,0.05,0.0,0.05,1.0,top_game_sales_share_within_publisher,A publisher can be large because of many games or because one hit dominates.
publisher_hit_dependency,publisher_top_game,MediaQuest,Zoop,,publisher_sales_rank,11596.0,,,,1,1,1,1,1,2,0.05,0.0,0.05,1.0,top_game_sales_share_within_publisher,A publisher can be large because of many games or because one hit dominates.
publisher_hit_dependency,publisher_top_game,Monte Christo Multimedia,City Life: World Edition,,publisher_sales_rank,11600.0,,,,1,1,1,1,1,2,0.05,0.0,0.05,1.0,top_game_sales_share_within_publisher,A publisher can be large because of many games or because one hit dominates.
publisher_hit_dependency,publisher_top_game,Phantagram,Phantom Crash,,publisher_sales_rank,11601.0,,,,1,1,1,1,1,3,0.05,0.0,0.05,1.0,top_game_sales_share_within_publisher,A publisher can be large because of many games or because one hit dominates.
publisher_hit_dependency,publisher_top_game,Pony Canyon,Black Jack vs. Matsudajun,,publisher_sales_rank,11602.0,,,,1,1,1,1,1,2,0.05,0.0,0.05,1.0,top_game_sales_share_within_publisher,A publisher can be large because of many games or because one hit dominates.
publisher_hit_dependency,publisher_top_game,Pow,Block Kuzushi,,publisher_sales_rank,11603.0,,,,1,1,1,1,1,1,0.05,0.0,0.05,1.0,top_game_sales_share_within_publisher,A publisher can be large because of many games or because one hit dominates.
publisher_hit_dependency,publisher_top_game,Sweets,D.C.I.F.: Da Capo Innocent Finale,,publisher_sales_rank,11604.0,,,,2,2,1,1,1,1,0.05,0.0,0.025,0.6,top_game_sales_share_within_publisher,A publisher can be large because of many games or because one hit dominates.
publisher_hit_dependency,publisher_top_game,Team17 Software,Worms Reloaded,,publisher_sales_rank,11610.0,,,,1,1,1,1,1,2,0.05,0.0,0.05,1.0,top_game_sales_share_within_publisher,A publisher can be large because of many games or because one hit dominates.
publisher_hit_dependency,publisher_top_game,TechnoSoft,Thunder Force V: Perfect System,,publisher_sales_rank,11611.0,,,,1,1,1,1,1,2,0.05,0.0,0.05,1.0,top_game_sales_share_within_publisher,A publisher can be large because of many games or because one hit dominates.
publisher_hit_dependency,publisher_top_game,The Learning Company,Arthur! Ready to Race,,publisher_sales_rank,11612.0,,,,1,1,1,1,1,2,0.05,0.0,0.05,1.0,top_game_sales_share_within_publisher,A publisher can be large because of many games or because one hit dominates.
publisher_hit_dependency,publisher_top_game,Vap,Hisshou 777 Fighter: Pachi Slot Eiyu Densetsu,,publisher_sales_rank,11613.0,,,,1,1,1,1,1,1,0.05,0.0,0.05,1.0,top_game_sales_share_within_publisher,A publisher can be large because of many games or because one hit dominates.
publisher_hit_dependency,publisher_top_game,2D Boy,World of Goo,,publisher_sales_rank,11614.0,,,,1,1,1,1,1,2,0.04,0.0,0.04,1.0,top_game_sales_share_within_publisher,A publisher can be large because of many games or because one hit dominates.
publisher_hit_dependency,publisher_top_game,49Games,Summer Athletics 2009,,publisher_sales_rank,11615.0,,,,1,1,1,1,1,1,0.04,0.0,0.04,1.0,top_game_sales_share_within_publisher,A publisher can be large because of many games or because one hit dominates.
publisher_hit_dependency,publisher_top_game,Alvion,Poupee Girl DS,,publisher_sales_rank,11617.0,,,,2,2,1,1,1,1,0.04,0.0,0.02,0.5,top_game_sales_share_within_publisher,A publisher can be large because of many games or because one hit dominates.
publisher_hit_dependency,publisher_top_game,Big Fish Games,Living Legends: Frozen Beauty,,publisher_sales_rank,11619.0,,,,2,2,1,1,2,1,0.04,0.0,0.02,0.75,top_game_sales_share_within_publisher,A publisher can be large because of many games or because one hit dominates.
publisher_hit_dependency,publisher_top_game,Devolver Digital,Serious Sam HD: Gold Edition,,publisher_sales_rank,11620.0,,,,2,2,2,1,2,1,0.04,0.0,0.02,0.5,top_game_sales_share_within_publisher,A publisher can be large because of many games or because one hit dominates.
publisher_hit_dependency,publisher_top_game,G.Rev,Senko no Ronde DUO,,publisher_sales_rank,11623.0,,,,2,2,1,1,2,1,0.04,0.0,0.02,0.75,top_game_sales_share_within_publisher,A publisher can be large because of many games or because one hit dominates.
publisher_hit_dependency,publisher_top_game,Gakken,Gakken DS: Shin TOEIC Test Kanzen Kouryaku,,publisher_sales_rank,11624.0,,,,2,2,1,1,1,1,0.04,0.0,0.02,0.5,top_game_sales_share_within_publisher,A publisher can be large because of many games or because one hit dominates.
publisher_hit_dependency,publisher_top_game,Just Flight,Apache: Air Assault,,publisher_sales_rank,11626.0,,,,1,1,1,1,1,2,0.04,0.0,0.04,1.0,top_game_sales_share_within_publisher,A publisher can be large because of many games or because one hit dominates.
publisher_hit_dependency,publisher_top_game,Kool Kizz,Dai Senryaku VII: Modern Military Tactics,,publisher_sales_rank,11627.0,,,,1,1,1,1,1,2,0.04,0.0,0.04,1.0,top_game_sales_share_within_publisher,A publisher can be large because of many games or because one hit dominates.
publisher_hit_dependency,publisher_top_game,Legacy Interactive,Igor: The Game,,publisher_sales_rank,11628.0,,,,1,1,1,1,1,1,0.04,0.0,0.04,1.0,top_game_sales_share_within_publisher,A publisher can be large because of many games or because one hit dominates.
publisher_hit_dependency,publisher_top_game,Lexicon Entertainment,AniMates!,,publisher_sales_rank,11629.0,,,,2,2,1,1,2,1,0.04,0.0,0.02,0.5,top_game_sales_share_within_publisher,A publisher can be large because of many games or because one hit dominates.
publisher_hit_dependency,publisher_top_game,MLB.com,R.B.I. Baseball 2016,,publisher_sales_rank,11631.0,,,,1,1,1,1,1,1,0.04,0.0,0.04,1.0,top_game_sales_share_within_publisher,A publisher can be large because of many games or because one hit dominates.
publisher_hit_dependency,publisher_top_game,Navarre Corp,Deadliest Catch: Alaskan Storm,,publisher_sales_rank,11632.0,,,,1,1,1,1,1,1,0.04,0.0,0.04,1.0,top_game_sales_share_within_publisher,A publisher can be large because of many games or because one hit dominates.
publisher_hit_dependency,publisher_top_game,Playmore,The King of Fighters 2000,,publisher_sales_rank,11633.0,,,,1,1,1,1,1,1,0.04,0.0,0.04,1.0,top_game_sales_share_within_publisher,A publisher can be large because of many games or because one hit dominates.
publisher_hit_dependency,publisher_top_game,Riverhillsoft,Sotsugyou II: Neo Generation,,publisher_sales_rank,11634.0,,,,1,1,1,1,1,1,0.04,0.0,0.04,1.0,top_game_sales_share_within_publisher,A publisher can be large because of many games or because one hit dominates.
publisher_hit_dependency,publisher_top_game,Societa,Haunted Casino,,publisher_sales_rank,11635.0,,,,1,1,1,1,1,1,0.04,0.0,0.04,1.0,top_game_sales_share_within_publisher,A publisher can be large because of many games or because one hit dominates.
publisher_hit_dependency,publisher_top_game,Summitsoft,Crushed Baseball,,publisher_sales_rank,11636.0,,,,1,1,1,1,1,2,0.04,0.0,0.04,1.0,top_game_sales_share_within_publisher,A publisher can be large because of many games or because one hit dominates.
publisher_hit_dependency,publisher_top_game,TopWare Interactive,Battle vs. Chess,,publisher_sales_rank,11637.0,,,,2,2,2,1,2,1,0.04,0.0,0.02,0.75,top_game_sales_share_within_publisher,A publisher can be large because of many games or because one hit dominates.
publisher_hit_dependency,publisher_top_game,Yamasa Entertainment,Yamasa Digi Portable: Matsuri no Tatsujin - Win-Chan no Natsumatsuri,,publisher_sales_rank,11640.0,,,,2,2,2,1,1,1,0.04,0.0,0.02,0.5,top_game_sales_share_within_publisher,A publisher can be large because of many games or because one hit dominates.
publisher_hit_dependency,publisher_top_game,imageepoch Inc.,Toushin Toshi,,publisher_sales_rank,11641.0,,,,2,2,1,1,2,1,0.04,0.0,0.02,0.75,top_game_sales_share_within_publisher,A publisher can be large because of many games or because one hit dominates.
publisher_hit_dependency,publisher_top_game,ASK,Big Ichigeki! Pachi-Slot Taikouryku Universal Museum,,publisher_sales_rank,11643.0,,,,1,1,1,1,1,1,0.03,0.0,0.03,1.0,top_game_sales_share_within_publisher,A publisher can be large because of many games or because one hit dominates.
publisher_hit_dependency,publisher_top_game,Aerosoft,X-Plane 10 Global,,publisher_sales_rank,11645.0,,,,2,2,1,1,1,2,0.03,0.0,0.015,0.6667,top_game_sales_share_within_publisher,A publisher can be large because of many games or because one hit dominates.
publisher_hit_dependency,publisher_top_game,Berkeley,M&Ms Shell Shocked,,publisher_sales_rank,11646.0,,,,1,1,1,1,1,2,0.03,0.0,0.03,1.0,top_game_sales_share_within_publisher,A publisher can be large because of many games or because one hit dominates.
publisher_hit_dependency,publisher_top_game,Blue Byte,The Settlers IV,,publisher_sales_rank,11648.0,,,,2,2,1,1,2,1,0.03,0.0,0.015,0.6667,top_game_sales_share_within_publisher,A publisher can be large because of many games or because one hit dominates.
publisher_hit_dependency,publisher_top_game,BushiRoad,Detective Opera: Milky Holmes 2,,publisher_sales_rank,11649.0,,,,1,1,1,1,1,1,0.03,0.0,0.03,1.0,top_game_sales_share_within_publisher,A publisher can be large because of many games or because one hit dominates.
publisher_hit_dependency,publisher_top_game,Cygames,Airship Q,,publisher_sales_rank,11650.0,,,,1,1,1,1,1,1,0.03,0.0,0.03,1.0,top_game_sales_share_within_publisher,A publisher can be large because of many games or because one hit dominates.
publisher_hit_dependency,publisher_top_game,Datam Polystar,Roommate Asami: Okusama wa Joshikousei,,publisher_sales_rank,11651.0,,,,2,2,1,1,1,1,0.03,0.0,0.015,0.6667,top_game_sales_share_within_publisher,A publisher can be large because of many games or because one hit dominates.
publisher_hit_dependency,publisher_top_game,Dorart,Minna de Dokusho: Keatai Shousetsu Desu,,publisher_sales_rank,11653.0,,,,2,2,1,1,1,1,0.03,0.0,0.015,0.6667,top_game_sales_share_within_publisher,A publisher can be large because of many games or because one hit dominates.
publisher_hit_dependency,publisher_top_game,Easy Interactive,Jewel Match 2,,publisher_sales_rank,11655.0,,,,2,2,1,1,1,1,0.03,0.0,0.015,0.6667,top_game_sales_share_within_publisher,A publisher can be large because of many games or because one hit dominates.
publisher_hit_dependency,publisher_top_game,Extreme Entertainment Group,Langrisser: Re:Incarnation Tensei,,publisher_sales_rank,11657.0,,,,1,1,1,1,1,2,0.03,0.0,0.03,1.0,top_game_sales_share_within_publisher,A publisher can be large because of many games or because one hit dominates.
publisher_hit_dependency,publisher_top_game,Fields,Gekiatsu!! Pachi Game Tamashi Max: Evangelion 7 x Seimei no Kodou,,publisher_sales_rank,11658.0,,,,1,1,1,1,1,1,0.03,0.0,0.03,1.0,top_game_sales_share_within_publisher,A publisher can be large because of many games or because one hit dominates.
publisher_hit_dependency,publisher_top_game,FuRyu Corporation,Let's Sing 2016,,publisher_sales_rank,11659.0,,,,1,1,1,1,1,2,0.03,0.0,0.03,1.0,top_game_sales_share_within_publisher,A publisher can be large because of many games or because one hit dominates.
publisher_hit_dependency,publisher_top_game,Fuji,Night Head: The Labyrinth,,publisher_sales_rank,11660.0,,,,1,1,1,1,1,1,0.03,0.0,0.03,1.0,top_game_sales_share_within_publisher,A publisher can be large because of many games or because one hit dominates.
publisher_hit_dependency,publisher_top_game,Headup Games,The Inner World,,publisher_sales_rank,11661.0,,,,1,1,1,1,1,1,0.03,0.0,0.03,1.0,top_game_sales_share_within_publisher,A publisher can be large because of many games or because one hit dominates.
publisher_hit_dependency,publisher_top_game,Her Interactive,Nancy Drew: Alibi In Ashes,,publisher_sales_rank,11662.0,,,,1,1,1,1,1,1,0.03,0.0,0.03,1.0,top_game_sales_share_within_publisher,A publisher can be large because of many games or because one hit dominates.
publisher_hit_dependency,publisher_top_game,HuneX,Kaleidoeve,,publisher_sales_rank,11664.0,,,,2,2,1,1,2,1,0.03,0.0,0.015,0.6667,top_game_sales_share_within_publisher,A publisher can be large because of many games or because one hit dominates.
publisher_hit_dependency,publisher_top_game,Intergrow,Shantae and the Pirate's Curse,,publisher_sales_rank,11665.0,,,,1,1,1,1,1,1,0.03,0.0,0.03,1.0,top_game_sales_share_within_publisher,A publisher can be large because of many games or because one hit dominates.
publisher_hit_dependency,publisher_top_game,Ivolgamus,Fading Shadows,,publisher_sales_rank,11666.0,,,,1,1,1,1,1,1,0.03,0.0,0.03,1.0,top_game_sales_share_within_publisher,A publisher can be large because of many games or because one hit dominates.
publisher_hit_dependency,publisher_top_game,KSS,Nishijin Pachinko Monogatari 2,,publisher_sales_rank,11667.0,,,,1,1,1,1,1,1,0.03,0.0,0.03,1.0,top_game_sales_share_within_publisher,A publisher can be large because of many games or because one hit dominates.
publisher_hit_dependency,publisher_top_game,Kamui,Sekai no Hate Made Itte Q! Chinjuu Hunter Mono no Daibouken,,publisher_sales_rank,11668.0,,,,1,1,1,1,1,1,0.03,0.0,0.03,1.0,top_game_sales_share_within_publisher,A publisher can be large because of many games or because one hit dominates.
publisher_hit_dependency,publisher_top_game,Kando Games,Rebel Raiders: Operation Nighthawk,,publisher_sales_rank,11669.0,,,,1,1,1,1,1,2,0.03,0.0,0.03,1.0,top_game_sales_share_within_publisher,A publisher can be large because of many games or because one hit dominates.
publisher_hit_dependency,publisher_top_game,Kids Station,Gakuen Alice: WakuWaku * Happy Friends,,publisher_sales_rank,11670.0,,,,1,1,1,1,1,1,0.03,0.0,0.03,1.0,top_game_sales_share_within_publisher,A publisher can be large because of many games or because one hit dominates.
publisher_hit_dependency,publisher_top_game,Kokopeli Digital Studios,Robo Pit,,publisher_sales_rank,11671.0,,,,1,1,1,1,1,2,0.03,0.0,0.03,1.0,top_game_sales_share_within_publisher,A publisher can be large because of many games or because one hit dominates.
publisher_hit_dependency,publisher_top_game,Maximum Family Games,Deer Drive: Legends,,publisher_sales_rank,11672.0,,,,1,1,1,1,1,1,0.03,0.0,0.03,1.0,top_game_sales_share_within_publisher,A publisher can be large because of many games or because one hit dominates.
publisher_hit_dependency,publisher_top_game,NetRevo,Tsuyo Kiss 2 Portable,,publisher_sales_rank,11674.0,,,,2,2,1,1,2,1,0.03,0.0,0.015,0.6667,top_game_sales_share_within_publisher,A publisher can be large because of many games or because one hit dominates.
publisher_hit_dependency,publisher_top_game,Nexon,MapleStory DS,,publisher_sales_rank,11675.0,,,,1,1,1,1,1,1,0.03,0.0,0.03,1.0,top_game_sales_share_within_publisher,A publisher can be large because of many games or because one hit dominates.
publisher_hit_dependency,publisher_top_game,Number None,Braid,,publisher_sales_rank,11676.0,,,,1,1,1,1,1,2,0.03,0.0,0.03,1.0,top_game_sales_share_within_publisher,A publisher can be large because of many games or because one hit dominates.
publisher_hit_dependency,publisher_top_game,Paon Corporation,Daito Giken Koushiki Pachi-Slot Simulator Hihouden: Taiyou o Motomeru Monotachi,,publisher_sales_rank,11677.0,,,,1,1,1,1,1,1,0.03,0.0,0.03,1.0,top_game_sales_share_within_publisher,A publisher can be large because of many games or because one hit dominates.
publisher_hit_dependency,publisher_top_game,Sunflowers,Knights of Honor,,publisher_sales_rank,11678.0,,,,1,1,1,1,1,2,0.03,0.0,0.03,1.0,top_game_sales_share_within_publisher,A publisher can be large because of many games or because one hit dominates.
publisher_hit_dependency,publisher_top_game,Tryfirst,Wrestle Angels: Survivor 2,,publisher_sales_rank,11679.0,,,,1,1,1,1,1,1,0.03,0.0,0.03,1.0,top_game_sales_share_within_publisher,A publisher can be large because of many games or because one hit dominates.
publisher_hit_dependency,publisher_top_game,Views,Dies Irae: Amantes Amentes,,publisher_sales_rank,11680.0,,,,2,2,2,1,2,1,0.03,0.0,0.015,0.6667,top_game_sales_share_within_publisher,A publisher can be large because of many games or because one hit dominates.
publisher_hit_dependency,publisher_top_game,Codemasters Online,The Lord of the Rings Online: Mines of Moria,,publisher_sales_rank,11682.0,,,,1,1,1,1,1,1,0.02,0.0,0.02,1.0,top_game_sales_share_within_publisher,A publisher can be large because of many games or because one hit dominates.
publisher_hit_dependency,publisher_top_game,GOA,Warhammer Online: Age of Reckoning,,publisher_sales_rank,11683.0,,,,1,1,1,1,1,1,0.02,0.0,0.02,1.0,top_game_sales_share_within_publisher,A publisher can be large because of many games or because one hit dominates.
publisher_hit_dependency,publisher_top_game,Gaga,Shippuu Mahou Daisakusen: Kingdom-Grandprix,,publisher_sales_rank,11684.0,,,,1,1,1,1,1,1,0.02,0.0,0.02,1.0,top_game_sales_share_within_publisher,A publisher can be large because of many games or because one hit dominates.
publisher_hit_dependency,publisher_top_game,Giga,Kiss Bell,,publisher_sales_rank,11685.0,,,,1,1,1,1,1,1,0.02,0.0,0.02,1.0,top_game_sales_share_within_publisher,A publisher can be large because of many games or because one hit dominates.
publisher_hit_dependency,publisher_top_game,Giza10,Ore wa Shoujo Mangaka,,publisher_sales_rank,11686.0,,,,1,1,1,1,1,1,0.02,0.0,0.02,1.0,top_game_sales_share_within_publisher,A publisher can be large because of many games or because one hit dominates.
publisher_hit_dependency,publisher_top_game,Graphsim Entertainment,Falcon 4.0: Allied Force,,publisher_sales_rank,11687.0,,,,1,1,1,1,1,1,0.02,0.0,0.02,1.0,top_game_sales_share_within_publisher,A publisher can be large because of many games or because one hit dominates.
publisher_hit_dependency,publisher_top_game,Imageworks,Sotsugyou II: Neo Generation Special,,publisher_sales_rank,11688.0,,,,1,1,1,1,1,1,0.02,0.0,0.02,1.0,top_game_sales_share_within_publisher,A publisher can be large because of many games or because one hit dominates.
publisher_hit_dependency,publisher_top_game,Introversion Software,Prison Architect,,publisher_sales_rank,11689.0,,,,1,1,1,1,1,2,0.02,0.0,0.02,1.0,top_game_sales_share_within_publisher,A publisher can be large because of many games or because one hit dominates.
publisher_hit_dependency,publisher_top_game,Karin Entertainment,Zettai Meikyuu Grimm: Nanatsu no Kagi to Rakuen no Otome,,publisher_sales_rank,11690.0,,,,1,1,1,1,1,1,0.02,0.0,0.02,1.0,top_game_sales_share_within_publisher,A publisher can be large because of many games or because one hit dominates.
publisher_hit_dependency,publisher_top_game,King Records,Shaman King: Chou Senjiryokketsu 3,,publisher_sales_rank,11691.0,,,,1,1,1,1,1,1,0.02,0.0,0.02,1.0,top_game_sales_share_within_publisher,A publisher can be large because of many games or because one hit dominates.
publisher_hit_dependency,publisher_top_game,Marvelous Games,Net High,,publisher_sales_rank,11692.0,,,,1,1,1,1,1,1,0.02,0.0,0.02,1.0,top_game_sales_share_within_publisher,A publisher can be large because of many games or because one hit dominates.
publisher_hit_dependency,publisher_top_game,Mirai Shounen,Moe Star: Moeru Toudai Eigojuku,,publisher_sales_rank,11693.0,,,,1,1,1,1,1,1,0.02,0.0,0.02,1.0,top_game_sales_share_within_publisher,A publisher can be large because of many games or because one hit dominates.
publisher_hit_dependency,publisher_top_game,Mycom,Strongest Tokyo University Shogi DS,,publisher_sales_rank,11694.0,,,,1,1,1,1,1,1,0.02,0.0,0.02,1.0,top_game_sales_share_within_publisher,A publisher can be large because of many games or because one hit dominates.
publisher_hit_dependency,publisher_top_game,Nitroplus,Dramatical Murder Re:code,,publisher_sales_rank,11696.0,,,,2,2,2,1,2,1,0.02,0.0,0.01,0.5,top_game_sales_share_within_publisher,A publisher can be large because of many games or because one hit dominates.
publisher_hit_dependency,publisher_top_game,Phoenix Games,Chicken Hunter,,publisher_sales_rank,11697.0,,,,1,1,1,1,1,1,0.02,0.0,0.02,1.0,top_game_sales_share_within_publisher,A publisher can be large because of many games or because one hit dominates.
publisher_hit_dependency,publisher_top_game,Plenty,Quiz Present Variety Q-Sama!! DS: Pressure Study x Atama Gai Kunaru Drill SP,,publisher_sales_rank,11698.0,,,,1,1,1,1,1,1,0.02,0.0,0.02,1.0,top_game_sales_share_within_publisher,A publisher can be large because of many games or because one hit dominates.
publisher_hit_dependency,publisher_top_game,Quintet,Code R,,publisher_sales_rank,11699.0,,,,1,1,1,1,1,1,0.02,0.0,0.02,1.0,top_game_sales_share_within_publisher,A publisher can be large because of many games or because one hit dominates.
publisher_hit_dependency,publisher_top_game,RED Entertainment,Scared Rider Xechs,,publisher_sales_rank,11700.0,,,,1,1,1,1,1,1,0.02,0.0,0.02,1.0,top_game_sales_share_within_publisher,A publisher can be large because of many games or because one hit dominates.
publisher_hit_dependency,publisher_top_game,Revolution (Japan),Tsuyo Kiss 2 Gakki: Swift Love,,publisher_sales_rank,11701.0,,,,1,1,1,1,1,1,0.02,0.0,0.02,1.0,top_game_sales_share_within_publisher,A publisher can be large because of many games or because one hit dominates.
publisher_hit_dependency,publisher_top_game,Saurus,Irritating Stick,,publisher_sales_rank,11702.0,,,,1,1,1,1,1,2,0.02,0.0,0.02,1.0,top_game_sales_share_within_publisher,A publisher can be large because of many games or because one hit dominates.
publisher_hit_dependency,publisher_top_game,Sold Out,Worms: WMD,,publisher_sales_rank,11703.0,,,,1,1,1,1,1,2,0.02,0.0,0.02,1.0,top_game_sales_share_within_publisher,A publisher can be large because of many games or because one hit dominates.
publisher_hit_dependency,publisher_top_game,Stainless Games,Carmageddon: Max Damage,,publisher_sales_rank,11704.0,,,,1,1,1,1,1,2,0.02,0.0,0.02,1.0,top_game_sales_share_within_publisher,A publisher can be large because of many games or because one hit dominates.
publisher_hit_dependency,publisher_top_game,Strategy First,Cossacks: European Wars,,publisher_sales_rank,11705.0,,,,1,1,1,1,1,1,0.02,0.0,0.02,1.0,top_game_sales_share_within_publisher,A publisher can be large because of many games or because one hit dominates.
publisher_hit_dependency,publisher_top_game,Technos Japan Corporation,Super Dodge Ball,,publisher_sales_rank,11706.0,,,,1,1,1,1,1,1,0.02,0.0,0.02,1.0,top_game_sales_share_within_publisher,A publisher can be large because of many games or because one hit dominates.
publisher_hit_dependency,publisher_top_game,Visco,The Haunted: Hell's Reach,,publisher_sales_rank,11707.0,,,,1,1,1,1,1,1,0.02,0.0,0.02,1.0,top_game_sales_share_within_publisher,A publisher can be large because of many games or because one hit dominates.
publisher_hit_dependency,publisher_top_game,Warashi,Triggerheart Exelica,,publisher_sales_rank,11708.0,,,,1,1,1,1,1,1,0.02,0.0,0.02,1.0,top_game_sales_share_within_publisher,A publisher can be large because of many games or because one hit dominates.
publisher_hit_dependency,publisher_top_game,fonfun,World Neverland 2in1 Portable: Olerud Kingdom & Republic of Pluto,,publisher_sales_rank,11709.0,,,,1,1,1,1,1,1,0.02,0.0,0.02,1.0,top_game_sales_share_within_publisher,A publisher can be large because of many games or because one hit dominates.
publisher_hit_dependency,publisher_top_game,id Software,Doom,,publisher_sales_rank,11710.0,,,,1,1,1,1,1,1,0.02,0.0,0.02,1.0,top_game_sales_share_within_publisher,A publisher can be large because of many games or because one hit dominates.
publisher_hit_dependency,publisher_top_game,Ascaron Entertainment,The Train Giant,,publisher_sales_rank,11711.0,,,,1,1,1,1,1,1,0.01,0.0,0.01,1.0,top_game_sales_share_within_publisher,A publisher can be large because of many games or because one hit dominates.
publisher_hit_dependency,publisher_top_game,Boost On,Isshoni Gohan. Portable,,publisher_sales_rank,11712.0,,,,1,1,1,1,1,1,0.01,0.0,0.01,1.0,top_game_sales_share_within_publisher,A publisher can be large because of many games or because one hit dominates.
publisher_hit_dependency,publisher_top_game,Commseed,Juggler DS,,publisher_sales_rank,11713.0,,,,1,1,1,1,1,1,0.01,0.0,0.01,1.0,top_game_sales_share_within_publisher,A publisher can be large because of many games or because one hit dominates.
publisher_hit_dependency,publisher_top_game,EON Digital Entertainment,Builder's Block,,publisher_sales_rank,11714.0,,,,1,1,1,1,1,1,0.01,0.0,0.01,1.0,top_game_sales_share_within_publisher,A publisher can be large because of many games or because one hit dominates.
publisher_hit_dependency,publisher_top_game,Epic Games,Paragon,,publisher_sales_rank,11715.0,,,,1,1,1,1,1,1,0.01,0.0,0.01,1.0,top_game_sales_share_within_publisher,A publisher can be large because of many games or because one hit dominates.
publisher_hit_dependency,publisher_top_game,Genterprise,Umihara Kawase Jun: Second Edition Kanzenban,,publisher_sales_rank,11716.0,,,,1,1,1,1,1,1,0.01,0.0,0.01,1.0,top_game_sales_share_within_publisher,A publisher can be large because of many games or because one hit dominates.
publisher_hit_dependency,publisher_top_game,Interchannel-Holon,Palais de Reine,,publisher_sales_rank,11717.0,,,,1,1,1,1,1,1,0.01,0.0,0.01,1.0,top_game_sales_share_within_publisher,A publisher can be large because of many games or because one hit dominates.
publisher_hit_dependency,publisher_top_game,"Interworks Unlimited, Inc.",Pro Angler Moves,,publisher_sales_rank,11718.0,,,,1,1,1,1,1,1,0.01,0.0,0.01,1.0,top_game_sales_share_within_publisher,A publisher can be large because of many games or because one hit dominates.
publisher_hit_dependency,publisher_top_game,Inti Creates,Azure Striker Gunvolt: Striker Pack,,publisher_sales_rank,11719.0,,,,1,1,1,1,1,1,0.01,0.0,0.01,1.0,top_game_sales_share_within_publisher,A publisher can be large because of many games or because one hit dominates.
publisher_hit_dependency,publisher_top_game,Lighthouse Interactive,Ship Simulator 2008,,publisher_sales_rank,11720.0,,,,1,1,1,1,1,1,0.01,0.0,0.01,1.0,top_game_sales_share_within_publisher,A publisher can be large because of many games or because one hit dominates.
publisher_hit_dependency,publisher_top_game,Masque Publishing,IGT Slots: Lucky Larry's Lobstermania,,publisher_sales_rank,11721.0,,,,1,1,1,1,1,1,0.01,0.0,0.01,1.0,top_game_sales_share_within_publisher,A publisher can be large because of many games or because one hit dominates.
publisher_hit_dependency,publisher_top_game,Media Entertainment,"Pachi-Slot Teiou: Golgo 13 Las Vegas (JP sales, but wrong system)",,publisher_sales_rank,11722.0,,,,1,1,1,1,1,1,0.01,0.0,0.01,1.0,top_game_sales_share_within_publisher,A publisher can be large because of many games or because one hit dominates.
publisher_hit_dependency,publisher_top_game,Michaelsoft,Wizardry XTH: Unlimited Students,,publisher_sales_rank,11723.0,,,,1,1,1,1,1,1,0.01,0.0,0.01,1.0,top_game_sales_share_within_publisher,A publisher can be large because of many games or because one hit dominates.
publisher_hit_dependency,publisher_top_game,Naxat Soft,Naxat Soft Reachmania Vol. 1: CR Galaxy Angel,,publisher_sales_rank,11724.0,,,,1,1,1,1,1,1,0.01,0.0,0.01,1.0,top_game_sales_share_within_publisher,A publisher can be large because of many games or because one hit dominates.
publisher_hit_dependency,publisher_top_game,New World Computing,Empire Deluxe,,publisher_sales_rank,11725.0,,,,1,1,1,1,1,1,0.01,0.0,0.01,1.0,top_game_sales_share_within_publisher,A publisher can be large because of many games or because one hit dominates.
publisher_hit_dependency,publisher_top_game,Ongakukan,Railfan,,publisher_sales_rank,11726.0,,,,1,1,1,1,1,1,0.01,0.0,0.01,1.0,top_game_sales_share_within_publisher,A publisher can be large because of many games or because one hit dominates.
publisher_hit_dependency,publisher_top_game,Otomate,Natsuzora no Monologue,,publisher_sales_rank,11727.0,,,,1,1,1,1,1,1,0.01,0.0,0.01,1.0,top_game_sales_share_within_publisher,A publisher can be large because of many games or because one hit dominates.
publisher_hit_dependency,publisher_top_game,Paradox Development,Cities: Skylines Snowfall,,publisher_sales_rank,11728.0,,,,1,1,1,1,1,1,0.01,0.0,0.01,1.0,top_game_sales_share_within_publisher,A publisher can be large because of many games or because one hit dominates.
publisher_hit_dependency,publisher_top_game,Piacci,FairlyLife: MiracleDays,,publisher_sales_rank,11729.0,,,,1,1,1,1,1,1,0.01,0.0,0.01,1.0,top_game_sales_share_within_publisher,A publisher can be large because of many games or because one hit dominates.
publisher_hit_dependency,publisher_top_game,Rain Games,Teslagrad,,publisher_sales_rank,11730.0,,,,1,1,1,1,1,1,0.01,0.0,0.01,1.0,top_game_sales_share_within_publisher,A publisher can be large because of many games or because one hit dominates.
publisher_hit_dependency,publisher_top_game,Takuyo,Shinigami to Shoujo,,publisher_sales_rank,11731.0,,,,1,1,1,1,1,1,0.01,0.0,0.01,1.0,top_game_sales_share_within_publisher,A publisher can be large because of many games or because one hit dominates.
publisher_hit_dependency,publisher_top_game,UIG Entertainment,Farming 2017 - The Simulation,,publisher_sales_rank,11732.0,,,,1,1,1,1,1,1,0.01,0.0,0.01,1.0,top_game_sales_share_within_publisher,A publisher can be large because of many games or because one hit dominates.
publisher_region_balance,publisher_region_balance,Nintendo,North America,,publisher_sales_rank,1.0,,,,,,,1,,,1784.23,0.2023,,0.4572,dominant_region_share_within_publisher,Region balance distinguishes broadly global publishers from region-heavy publishers.
publisher_region_balance,publisher_region_balance,Electronic Arts,North America,,publisher_sales_rank,8.0,,,,,,,1,,,1096.45,0.1243,,0.5343,dominant_region_share_within_publisher,Region balance distinguishes broadly global publishers from region-heavy publishers.
publisher_region_balance,publisher_region_balance,Activision,North America,,publisher_sales_rank,12.0,,,,,,,1,,,721.06,0.0818,,0.5908,dominant_region_share_within_publisher,Region balance distinguishes broadly global publishers from region-heavy publishers.
publisher_region_balance,publisher_region_balance,Sony Computer Entertainment,North America,,publisher_sales_rank,13.0,,,,,,,1,,,607.27,0.0689,,0.4367,dominant_region_share_within_publisher,Region balance distinguishes broadly global publishers from region-heavy publishers.
publisher_region_balance,publisher_region_balance,Ubisoft,North America,,publisher_sales_rank,20.0,,,,,,,1,,,473.33,0.0537,,0.5341,dominant_region_share_within_publisher,Region balance distinguishes broadly global publishers from region-heavy publishers.
publisher_region_balance,publisher_region_balance,Take-Two Interactive,North America,,publisher_sales_rank,21.0,,,,,,,1,,,399.45,0.0453,,0.5519,dominant_region_share_within_publisher,Region balance distinguishes broadly global publishers from region-heavy publishers.
publisher_genre_focus,publisher_genre_leader,Nintendo,Platform,,publisher_sales_rank,13.0,,,,,,,1,1,,1784.23,0.2023,,0.2388,leading_genre_share_within_publisher,Genre focus checks whether publisher scale comes from a balanced catalogue or one dominant genre.
publisher_genre_focus,publisher_genre_leader,Electronic Arts,Sports,,publisher_sales_rank,22.0,,,,,,,1,1,,1096.45,0.1243,,0.4273,leading_genre_share_within_publisher,Genre focus checks whether publisher scale comes from a balanced catalogue or one dominant genre.
publisher_scale_bucket_concentration,publisher_scale_bucket,top_10_publishers,,,bucket_sales_rank,1.0,,,,5365,8107,,10,,,6224.63,0.7058,0.7678,,not_applicable,Publisher concentration bucket shows how much market weight sits with the largest publisher group.
publisher_scale_bucket_concentration,publisher_scale_bucket,rank_11_to_50_publishers,,,bucket_sales_rank,2.0,,,,3333,4719,,40,,,2103.93,0.2386,0.4458,,not_applicable,Publisher concentration bucket shows how much market weight sits with the largest publisher group.
publisher_scale_bucket_concentration,publisher_scale_bucket,long_tail_publishers,,,bucket_sales_rank,3.0,,,,3034,3500,,527,,,490.54,0.0556,0.1402,,not_applicable,Publisher concentration bucket shows how much market weight sits with the largest publisher group.
