evidence_block,grain,item,item_2,item_3,rank_label,rank_value,orders,customers,stores,products,channels,net_sales_proxy,gross_margin_proxy,gross_margin_proxy_rate_pct,avg_discount_pct,avg_order_to_ship_days,avg_ship_to_delivery_days,avg_order_to_delivery_days,share_pct,notes
monthly_demand_quality,order_month,2020-05,10,1,month_sales_rank,10.0,263,50,188,47,4,2464346.095,954223.3745,38.7212,11.4639,16.0875,5.0837,21.1711,3.3692,Compare demand seasonality with conversion quality and fulfillment timing.
monthly_demand_quality,order_month,2019-10,23,2,month_sales_rank,23.0,235,50,165,46,4,2183725.1375,840406.7892,38.485,11.9043,16.0723,5.617,21.6894,2.9855,Compare demand seasonality with conversion quality and fulfillment timing.
monthly_demand_quality,order_month,2019-02,30,3,month_sales_rank,30.0,232,50,177,47,4,1940231.3925,742981.7655,38.2935,10.9052,15.319,5.4095,20.7284,2.6526,Compare demand seasonality with conversion quality and fulfillment timing.
monthly_demand_quality,order_month,2019-03,31,4,month_sales_rank,31.0,213,48,164,47,4,1936393.13,740590.6138,38.2459,11.2324,14.4695,5.6573,20.1268,2.6474,Compare demand seasonality with conversion quality and fulfillment timing.
monthly_demand_quality,order_month,2019-05,11,5,month_sales_rank,11.0,279,50,201,47,4,2459157.615,936069.9448,38.0647,11.4695,14.4086,4.8781,19.2867,3.3621,Compare demand seasonality with conversion quality and fulfillment timing.
monthly_demand_quality,order_month,2020-06,26,6,month_sales_rank,26.0,245,50,168,47,4,2093988.3525,796612.2893,38.0428,11.9898,16.2245,5.5918,21.8163,2.8629,Compare demand seasonality with conversion quality and fulfillment timing.
monthly_demand_quality,order_month,2019-08,15,7,month_sales_rank,15.0,261,50,184,47,4,2401218.025,910165.8135,37.9043,10.7663,14.6628,5.6552,20.318,3.2829,Compare demand seasonality with conversion quality and fulfillment timing.
monthly_demand_quality,order_month,2020-08,22,8,month_sales_rank,22.0,251,49,177,47,4,2189760.33,829735.3177,37.8916,11.3446,15.1474,5.9641,21.1116,2.9938,Compare demand seasonality with conversion quality and fulfillment timing.
monthly_demand_quality,order_month,2019-07,29,9,month_sales_rank,29.0,253,50,187,47,4,2011770.81,761237.312,37.8392,11.413,14.6285,5.4625,20.0909,2.7504,Compare demand seasonality with conversion quality and fulfillment timing.
monthly_demand_quality,order_month,2020-04,21,10,month_sales_rank,21.0,262,49,186,46,4,2211513.555,831187.8627,37.5846,11.5076,15.1565,5.4389,20.5954,3.0235,Compare demand seasonality with conversion quality and fulfillment timing.
monthly_demand_quality,order_month,2019-04,8,11,month_sales_rank,8.0,271,50,190,47,4,2491884.6025,934351.953,37.4958,12.3616,15.583,5.6384,21.2214,3.4068,Compare demand seasonality with conversion quality and fulfillment timing.
monthly_demand_quality,order_month,2020-09,25,12,month_sales_rank,25.0,254,50,189,46,4,2094787.9975,784869.47,37.4677,11.624,15.5551,5.7913,21.3465,2.8639,Compare demand seasonality with conversion quality and fulfillment timing.
monthly_demand_quality,order_month,2019-11,5,13,month_sales_rank,5.0,262,50,182,47,4,2702456.39,1011638.4817,37.434,11.6985,15.2863,5.6183,20.9046,3.6947,Compare demand seasonality with conversion quality and fulfillment timing.
monthly_demand_quality,order_month,2019-09,18,14,month_sales_rank,18.0,237,50,170,47,4,2305869.99,862341.7495,37.3977,11.1181,15.1646,5.2616,20.4262,3.1525,Compare demand seasonality with conversion quality and fulfillment timing.
monthly_demand_quality,order_month,2018-07,16,15,month_sales_rank,16.0,261,50,186,47,4,2396750.8,896113.698,37.3887,11.3027,15.7854,5.5172,21.3027,3.2768,Compare demand seasonality with conversion quality and fulfillment timing.
monthly_demand_quality,order_month,2020-11,19,16,month_sales_rank,19.0,262,50,187,47,4,2299601.6375,858494.297,37.3323,12.2042,15.0916,5.5763,20.6679,3.144,Compare demand seasonality with conversion quality and fulfillment timing.
monthly_demand_quality,order_month,2018-09,12,17,month_sales_rank,12.0,254,50,183,47,4,2455740.7825,916607.1552,37.3251,11.437,14.3583,5.5906,19.9488,3.3574,Compare demand seasonality with conversion quality and fulfillment timing.
monthly_demand_quality,order_month,2018-10,27,18,month_sales_rank,27.0,228,50,170,46,4,2062013.9425,769476.645,37.3168,11.1513,15.136,5.614,20.75,2.8191,Compare demand seasonality with conversion quality and fulfillment timing.
monthly_demand_quality,order_month,2020-02,9,19,month_sales_rank,9.0,270,50,188,47,4,2466513.88,919739.6307,37.2891,11.6481,14.3556,5.3407,19.6963,3.3722,Compare demand seasonality with conversion quality and fulfillment timing.
monthly_demand_quality,order_month,2020-01,1,20,month_sales_rank,1.0,276,50,195,47,4,2811010.6275,1046528.675,37.2296,10.5435,14.5254,5.3297,19.8551,3.8432,Compare demand seasonality with conversion quality and fulfillment timing.
monthly_demand_quality,order_month,2019-01,4,21,month_sales_rank,4.0,293,50,204,47,4,2712820.62,1003831.0592,37.0032,11.3225,15.116,5.5256,20.6416,3.7089,Compare demand seasonality with conversion quality and fulfillment timing.
monthly_demand_quality,order_month,2020-07,2,22,month_sales_rank,2.0,281,50,189,47,4,2775014.71,1026023.6875,36.9736,10.6762,15.8292,5.3381,21.1673,3.7939,Compare demand seasonality with conversion quality and fulfillment timing.
monthly_demand_quality,order_month,2020-03,28,23,month_sales_rank,28.0,236,50,172,47,4,2050076.05,756313.0955,36.892,11.6419,15.7373,5.6822,21.4195,2.8028,Compare demand seasonality with conversion quality and fulfillment timing.
monthly_demand_quality,order_month,2018-06,24,24,month_sales_rank,24.0,252,49,182,47,4,2180209.6475,804227.961,36.8876,11.8651,15.4484,5.3611,20.8095,2.9807,Compare demand seasonality with conversion quality and fulfillment timing.
monthly_demand_quality,order_month,2018-12,3,25,month_sales_rank,3.0,297,50,207,47,4,2713434.005,999582.2075,36.8383,11.2458,15.798,5.7037,21.5017,3.7097,Compare demand seasonality with conversion quality and fulfillment timing.
monthly_demand_quality,order_month,2018-08,7,26,month_sales_rank,7.0,279,50,204,47,4,2563353.8375,944076.7015,36.8297,11.4516,15.1219,5.6738,20.7957,3.5046,Compare demand seasonality with conversion quality and fulfillment timing.
monthly_demand_quality,order_month,2020-12,17,27,month_sales_rank,17.0,243,50,178,47,4,2311083.93,850700.6017,36.8096,11.3992,15.4897,5.4403,20.93,3.1597,Compare demand seasonality with conversion quality and fulfillment timing.
monthly_demand_quality,order_month,2019-12,14,28,month_sales_rank,14.0,251,50,186,47,4,2415240.2875,883853.5088,36.5948,11.4841,14.4263,5.5219,19.9482,3.3021,Compare demand seasonality with conversion quality and fulfillment timing.
monthly_demand_quality,order_month,2018-11,6,29,month_sales_rank,6.0,257,50,185,47,4,2661493.7625,970099.8305,36.4494,10.9436,15.8016,5.2257,21.0272,3.6387,Compare demand seasonality with conversion quality and fulfillment timing.
monthly_demand_quality,order_month,2019-06,20,30,month_sales_rank,20.0,243,49,185,47,4,2293527.585,830763.1135,36.2221,11.5638,14.8436,5.4198,20.2634,3.1357,Compare demand seasonality with conversion quality and fulfillment timing.
monthly_demand_quality,order_month,2020-10,13,31,month_sales_rank,13.0,282,49,202,47,4,2418753.935,856229.9697,35.3996,12.0567,13.7589,5.7092,19.4681,3.3069,Compare demand seasonality with conversion quality and fulfillment timing.
monthly_demand_quality,order_month,2018-05,32,32,month_sales_rank,32.0,8,8,8,8,4,69636.2825,22313.73,32.0433,7.8125,14.625,7.0,21.625,0.0952,Compare demand seasonality with conversion quality and fulfillment timing.
quarter_region_mix,order_quarter_region,2018-Q3,West,1,region_rank_in_quarter,1.0,273,50,105,46,4,2537567.715,949769.2387,37.4283,12.1245,14.8974,5.4066,20.304,,Check whether seasonal demand peaks are geographically concentrated.
quarter_region_mix,order_quarter_region,2018-Q3,South,2,region_rank_in_quarter,2.0,250,50,106,47,4,2400373.49,874365.5915,36.4262,10.91,15.044,5.692,20.736,,Check whether seasonal demand peaks are geographically concentrated.
quarter_region_mix,order_quarter_region,2018-Q3,Midwest,3,region_rank_in_quarter,3.0,192,48,69,45,4,1764684.6925,663098.3015,37.576,10.2474,15.6719,5.75,21.4219,,Check whether seasonal demand peaks are geographically concentrated.
quarter_region_mix,order_quarter_region,2018-Q3,Northeast,4,region_rank_in_quarter,4.0,79,40,37,40,4,713219.5225,269564.423,37.7954,13.2278,14.5443,5.5696,20.1139,,Check whether seasonal demand peaks are geographically concentrated.
quarter_region_mix,order_quarter_region,2018-Q4,West,1,region_rank_in_quarter,1.0,278,49,109,47,4,2798909.4225,1040739.6108,37.1838,11.4388,15.9245,5.6079,21.5324,,Check whether seasonal demand peaks are geographically concentrated.
quarter_region_mix,order_quarter_region,2018-Q4,South,2,region_rank_in_quarter,2.0,259,50,105,47,4,2396793.5125,884228.7592,36.8922,10.7432,15.5444,5.4865,21.0309,,Check whether seasonal demand peaks are geographically concentrated.
quarter_region_mix,order_quarter_region,2018-Q4,Midwest,3,region_rank_in_quarter,3.0,157,47,72,44,4,1640568.03,604094.9375,36.8223,10.828,15.6624,5.6051,21.2675,,Check whether seasonal demand peaks are geographically concentrated.
quarter_region_mix,order_quarter_region,2018-Q4,Northeast,4,region_rank_in_quarter,4.0,88,40,38,39,4,600670.745,210095.3755,34.9768,11.733,14.6818,5.1932,19.875,,Check whether seasonal demand peaks are geographically concentrated.
quarter_region_mix,order_quarter_region,2020-Q3,West,1,region_rank_in_quarter,1.0,289,49,113,47,4,2505055.1275,911811.3402,36.3989,11.4014,15.7197,5.7682,21.4879,,Check whether seasonal demand peaks are geographically concentrated.
quarter_region_mix,order_quarter_region,2020-Q3,South,2,region_rank_in_quarter,2.0,263,50,101,47,4,2382502.0775,884418.0253,37.1214,11.0551,15.4068,5.5399,20.9468,,Check whether seasonal demand peaks are geographically concentrated.
quarter_region_mix,order_quarter_region,2020-Q3,Midwest,3,region_rank_in_quarter,3.0,141,48,61,47,4,1393809.8775,536613.919,38.4998,10.2128,15.6454,5.7801,21.4255,,Check whether seasonal demand peaks are geographically concentrated.
quarter_region_mix,order_quarter_region,2020-Q3,Northeast,4,region_rank_in_quarter,4.0,93,43,41,40,4,778195.955,307785.1907,39.5511,12.4462,15.0538,5.6882,20.7419,,Check whether seasonal demand peaks are geographically concentrated.
quarter_region_mix,order_quarter_region,2019-Q2,South,1,region_rank_in_quarter,1.0,264,50,107,47,4,2439507.6875,896477.1475,36.7483,11.3447,14.7273,5.1856,19.9129,,Check whether seasonal demand peaks are geographically concentrated.
quarter_region_mix,order_quarter_region,2019-Q2,West,2,region_rank_in_quarter,2.0,274,50,112,47,4,2379361.1175,920998.618,38.7078,11.9708,14.3285,5.4599,19.7883,,Check whether seasonal demand peaks are geographically concentrated.
quarter_region_mix,order_quarter_region,2019-Q2,Midwest,3,region_rank_in_quarter,3.0,158,50,66,44,4,1438299.5525,541608.1687,37.6561,12.7532,15.481,5.2152,20.6962,,Check whether seasonal demand peaks are geographically concentrated.
quarter_region_mix,order_quarter_region,2019-Q2,Northeast,4,region_rank_in_quarter,4.0,97,45,39,45,4,987401.445,342101.077,34.6466,11.0309,16.3918,5.3299,21.7216,,Check whether seasonal demand peaks are geographically concentrated.
quarter_region_mix,order_quarter_region,2018-Q2,West,1,region_rank_in_quarter,1.0,96,44,67,41,4,881437.595,332222.933,37.691,11.1719,15.1458,5.6875,20.8333,,Check whether seasonal demand peaks are geographically concentrated.
quarter_region_mix,order_quarter_region,2018-Q2,South,2,region_rank_in_quarter,2.0,70,40,51,33,4,555805.3675,199741.5732,35.9373,11.6071,15.9714,5.0286,21.0,,Check whether seasonal demand peaks are geographically concentrated.
quarter_region_mix,order_quarter_region,2018-Q2,Midwest,3,region_rank_in_quarter,3.0,63,32,45,37,4,543567.1475,201995.012,37.161,14.0079,14.7143,5.6667,20.381,,Check whether seasonal demand peaks are geographically concentrated.
quarter_region_mix,order_quarter_region,2018-Q2,Northeast,4,region_rank_in_quarter,4.0,31,24,22,22,4,269035.82,92582.1727,34.4126,9.1935,16.4839,4.9032,21.3871,,Check whether seasonal demand peaks are geographically concentrated.
quarter_region_mix,order_quarter_region,2020-Q1,West,1,region_rank_in_quarter,1.0,276,50,109,47,4,2636731.065,957522.3228,36.3148,10.8062,14.5072,5.4167,19.9239,,Check whether seasonal demand peaks are geographically concentrated.
quarter_region_mix,order_quarter_region,2020-Q1,South,2,region_rank_in_quarter,2.0,246,50,101,46,4,2388438.445,901710.9305,37.7532,11.1484,15.3577,5.5488,20.9065,,Check whether seasonal demand peaks are geographically concentrated.
quarter_region_mix,order_quarter_region,2020-Q1,Midwest,3,region_rank_in_quarter,3.0,153,48,68,43,4,1309994.05,489377.8822,37.3573,12.0915,14.7451,5.4706,20.2157,,Check whether seasonal demand peaks are geographically concentrated.
quarter_region_mix,order_quarter_region,2020-Q1,Northeast,4,region_rank_in_quarter,4.0,107,46,41,44,4,992436.9975,373970.2658,37.682,11.472,14.5888,5.2056,19.7944,,Check whether seasonal demand peaks are geographically concentrated.
quarter_region_mix,order_quarter_region,2019-Q4,West,1,region_rank_in_quarter,1.0,280,50,113,47,4,2682101.6225,1017473.9485,37.9357,11.7679,14.6214,5.475,20.0964,,Check whether seasonal demand peaks are geographically concentrated.
quarter_region_mix,order_quarter_region,2019-Q4,South,2,region_rank_in_quarter,2.0,223,50,98,46,4,2114956.505,790897.6958,37.3955,11.5247,16.1883,5.6188,21.8072,,Check whether seasonal demand peaks are geographically concentrated.
quarter_region_mix,order_quarter_region,2019-Q4,Midwest,3,region_rank_in_quarter,3.0,148,46,68,45,4,1630235.96,602497.4125,36.9577,12.2466,15.1149,5.527,20.6419,,Check whether seasonal demand peaks are geographically concentrated.
quarter_region_mix,order_quarter_region,2019-Q4,Northeast,4,region_rank_in_quarter,4.0,97,44,41,43,4,874127.7275,325029.723,37.1833,11.0052,15.0722,5.9175,20.9897,,Check whether seasonal demand peaks are geographically concentrated.
quarter_region_mix,order_quarter_region,2019-Q3,West,1,region_rank_in_quarter,1.0,243,50,109,47,4,2345499.485,911890.6322,38.8783,11.1831,15.6132,5.5062,21.1193,,Check whether seasonal demand peaks are geographically concentrated.
quarter_region_mix,order_quarter_region,2019-Q3,South,2,region_rank_in_quarter,2.0,259,50,104,47,4,2258370.8425,818813.7178,36.2568,10.7239,15.1622,5.3012,20.4633,,Check whether seasonal demand peaks are geographically concentrated.
quarter_region_mix,order_quarter_region,2019-Q3,Midwest,3,region_rank_in_quarter,3.0,160,48,66,46,4,1371540.4175,505665.6075,36.8684,11.4844,13.5813,5.6063,19.1875,,Check whether seasonal demand peaks are geographically concentrated.
quarter_region_mix,order_quarter_region,2019-Q3,Northeast,4,region_rank_in_quarter,4.0,89,44,38,42,4,743448.08,297374.9175,39.9994,11.236,13.7978,5.5843,19.382,,Check whether seasonal demand peaks are geographically concentrated.
quarter_region_mix,order_quarter_region,2020-Q2,West,1,region_rank_in_quarter,1.0,274,50,110,47,4,2291533.33,866999.3983,37.8349,10.9215,15.3394,4.938,20.2774,,Check whether seasonal demand peaks are geographically concentrated.
quarter_region_mix,order_quarter_region,2020-Q2,South,2,region_rank_in_quarter,2.0,232,50,97,47,4,1943226.795,741148.71,38.1401,11.8103,16.3707,5.6034,21.9741,,Check whether seasonal demand peaks are geographically concentrated.
quarter_region_mix,order_quarter_region,2020-Q2,Midwest,3,region_rank_in_quarter,3.0,171,48,71,45,4,1664090.39,626322.4008,37.6375,12.0614,15.9123,5.4386,21.3509,,Check whether seasonal demand peaks are geographically concentrated.
quarter_region_mix,order_quarter_region,2020-Q2,Northeast,4,region_rank_in_quarter,4.0,93,42,38,42,4,870997.4875,347553.0175,39.9029,12.6075,15.6452,5.9032,21.5484,,Check whether seasonal demand peaks are geographically concentrated.
quarter_region_mix,order_quarter_region,2019-Q1,South,1,region_rank_in_quarter,1.0,259,50,105,47,4,2363065.7125,903056.8502,38.2155,11.1486,15.3861,5.6525,21.0386,,Check whether seasonal demand peaks are geographically concentrated.
quarter_region_mix,order_quarter_region,2019-Q1,West,2,region_rank_in_quarter,2.0,233,49,109,47,4,2074053.675,782398.3813,37.7232,10.9227,14.7253,5.5236,20.2489,,Check whether seasonal demand peaks are geographically concentrated.
quarter_region_mix,order_quarter_region,2019-Q1,Midwest,3,region_rank_in_quarter,3.0,162,49,70,46,4,1455108.1775,559891.396,38.4776,11.1111,14.5123,5.3333,19.8457,,Check whether seasonal demand peaks are geographically concentrated.
quarter_region_mix,order_quarter_region,2019-Q1,Northeast,4,region_rank_in_quarter,4.0,84,42,37,39,4,697217.5775,242056.811,34.7175,11.994,15.4524,5.5238,20.9762,,Check whether seasonal demand peaks are geographically concentrated.
quarter_region_mix,order_quarter_region,2020-Q4,West,1,region_rank_in_quarter,1.0,268,49,107,47,4,2581309.335,930396.2317,36.0436,11.8377,14.2537,5.5672,19.8209,,Check whether seasonal demand peaks are geographically concentrated.
quarter_region_mix,order_quarter_region,2020-Q4,South,2,region_rank_in_quarter,2.0,247,49,104,47,4,2231302.34,802106.979,35.9479,11.6194,14.3563,5.6356,19.9919,,Check whether seasonal demand peaks are geographically concentrated.
quarter_region_mix,order_quarter_region,2020-Q4,Midwest,3,region_rank_in_quarter,3.0,160,50,67,46,4,1271108.7575,483190.0408,38.0133,11.2187,14.7,5.4813,20.1813,,Check whether seasonal demand peaks are geographically concentrated.
quarter_region_mix,order_quarter_region,2020-Q4,Northeast,4,region_rank_in_quarter,4.0,112,46,42,44,4,945719.07,349731.617,36.9805,13.6607,16.7857,5.6429,22.4286,,Check whether seasonal demand peaks are geographically concentrated.
monthly_channel_mix,order_month_channel,2018-09,In-Store,1,channel_rank_in_month,1.0,104,42,84,43,,1044679.2425,402299.734,38.5094,11.226,13.4135,5.2692,18.6827,,Check whether channel mix shifts across demand months.
monthly_channel_mix,order_month_channel,2018-09,Online,2,channel_rank_in_month,2.0,77,37,70,36,,682865.5075,253084.0417,37.0621,12.3701,15.0649,5.8961,20.961,,Check whether channel mix shifts across demand months.
monthly_channel_mix,order_month_channel,2018-09,Distributor,3,channel_rank_in_month,3.0,49,31,47,30,,470815.03,166903.5193,35.4499,11.2755,15.2245,5.9388,21.1633,,Check whether channel mix shifts across demand months.
monthly_channel_mix,order_month_channel,2018-11,In-Store,1,channel_rank_in_month,1.0,116,45,96,42,,1166681.05,435085.9622,37.2926,10.7759,15.5,5.181,20.681,,Check whether channel mix shifts across demand months.
monthly_channel_mix,order_month_channel,2018-11,Online,2,channel_rank_in_month,2.0,77,39,71,37,,762920.96,281494.3023,36.8969,11.2987,15.8182,5.1429,20.961,,Check whether channel mix shifts across demand months.
monthly_channel_mix,order_month_channel,2018-11,Distributor,3,channel_rank_in_month,3.0,40,28,37,27,,452363.3975,163020.9098,36.0376,9.5625,17.05,5.0,22.05,,Check whether channel mix shifts across demand months.
monthly_channel_mix,order_month_channel,2019-06,In-Store,1,channel_rank_in_month,1.0,110,43,100,42,,1102133.4175,415033.2535,37.6573,12.0,15.1273,5.5273,20.6545,,Check whether channel mix shifts across demand months.
monthly_channel_mix,order_month_channel,2019-06,Online,2,channel_rank_in_month,2.0,72,39,66,36,,625121.39,222129.5585,35.5338,11.0764,14.9306,5.1528,20.0833,,Check whether channel mix shifts across demand months.
monthly_channel_mix,order_month_channel,2019-06,Distributor,3,channel_rank_in_month,3.0,38,27,36,26,,345229.225,120428.9245,34.8838,11.5789,13.7632,5.2368,19.0,,Check whether channel mix shifts across demand months.
monthly_channel_mix,order_month_channel,2019-08,In-Store,1,channel_rank_in_month,1.0,92,42,85,37,,885872.4925,324811.408,36.6657,11.4946,14.6304,5.1848,19.8152,,Check whether channel mix shifts across demand months.
monthly_channel_mix,order_month_channel,2019-08,Online,2,channel_rank_in_month,2.0,81,38,73,39,,664080.0475,238321.9315,35.8875,10.8642,15.3827,6.0494,21.4321,,Check whether channel mix shifts across demand months.
monthly_channel_mix,order_month_channel,2019-08,Distributor,3,channel_rank_in_month,3.0,49,31,46,30,,525906.6175,218443.3338,41.5365,10.102,14.2449,6.0408,20.2857,,Check whether channel mix shifts across demand months.
monthly_channel_mix,order_month_channel,2020-01,In-Store,1,channel_rank_in_month,1.0,127,47,108,47,,1255422.0475,471531.9778,37.5596,9.6654,13.5984,5.4016,19.0,,Check whether channel mix shifts across demand months.
monthly_channel_mix,order_month_channel,2020-01,Online,2,channel_rank_in_month,2.0,69,37,60,35,,726896.065,252275.188,34.7058,11.8116,15.0145,5.2464,20.2609,,Check whether channel mix shifts across demand months.
monthly_channel_mix,order_month_channel,2020-01,Distributor,3,channel_rank_in_month,3.0,47,36,45,29,,494121.315,197168.0445,39.9028,10.5851,15.6596,5.5957,21.2553,,Check whether channel mix shifts across demand months.
monthly_channel_mix,order_month_channel,2020-09,In-Store,1,channel_rank_in_month,1.0,110,45,96,40,,824490.7775,332499.2683,40.3278,11.3182,15.9909,5.9455,21.9364,,Check whether channel mix shifts across demand months.
monthly_channel_mix,order_month_channel,2020-09,Online,2,channel_rank_in_month,2.0,68,36,60,35,,547133.2225,186922.62,34.164,12.7941,15.3382,5.6029,20.9412,,Check whether channel mix shifts across demand months.
monthly_channel_mix,order_month_channel,2020-09,Wholesale,3,channel_rank_in_month,3.0,30,25,30,18,,362592.275,136907.054,37.7579,9.75,16.3667,5.0333,21.4,,Check whether channel mix shifts across demand months.
monthly_channel_mix,order_month_channel,2020-04,In-Store,1,channel_rank_in_month,1.0,108,46,92,44,,911035.515,338243.7458,37.1274,12.3148,15.2407,5.3148,20.5556,,Check whether channel mix shifts across demand months.
monthly_channel_mix,order_month_channel,2020-04,Online,2,channel_rank_in_month,2.0,86,41,76,39,,698105.3275,263846.4033,37.7946,10.7849,14.6977,5.3488,20.0465,,Check whether channel mix shifts across demand months.
monthly_channel_mix,order_month_channel,2020-04,Distributor,3,channel_rank_in_month,3.0,49,31,47,30,,404993.225,164706.5915,40.669,10.6122,15.5306,5.7959,21.3265,,Check whether channel mix shifts across demand months.
monthly_channel_mix,order_month_channel,2020-12,Online,1,channel_rank_in_month,1.0,89,41,84,39,,823273.89,285980.659,34.737,12.0225,16.5281,5.2809,21.809,,Check whether channel mix shifts across demand months.
monthly_channel_mix,order_month_channel,2020-12,In-Store,2,channel_rank_in_month,2.0,83,36,77,38,,755364.03,302784.789,40.0846,11.0241,14.0964,5.5904,19.6867,,Check whether channel mix shifts across demand months.
monthly_channel_mix,order_month_channel,2020-12,Distributor,3,channel_rank_in_month,3.0,41,25,38,27,,395248.5775,155188.5135,39.2635,11.5854,14.8537,6.0732,20.9268,,Check whether channel mix shifts across demand months.
monthly_channel_mix,order_month_channel,2020-10,Online,1,channel_rank_in_month,1.0,91,41,79,39,,900803.4425,309297.6777,34.3358,12.5275,14.3736,6.022,20.3956,,Check whether channel mix shifts across demand months.
monthly_channel_mix,order_month_channel,2020-10,In-Store,2,channel_rank_in_month,2.0,108,43,95,42,,859154.4,316051.3308,36.7863,11.6204,13.8241,5.8333,19.6574,,Check whether channel mix shifts across demand months.
monthly_channel_mix,order_month_channel,2020-10,Distributor,3,channel_rank_in_month,3.0,54,36,51,34,,412926.5275,145597.5837,35.2599,12.4537,13.0556,5.0741,18.1296,,Check whether channel mix shifts across demand months.
monthly_channel_mix,order_month_channel,2018-10,In-Store,1,channel_rank_in_month,1.0,96,41,79,38,,886981.845,342723.9495,38.6393,9.9219,14.9583,5.2813,20.2396,,Check whether channel mix shifts across demand months.
monthly_channel_mix,order_month_channel,2018-10,Online,2,channel_rank_in_month,2.0,75,40,72,39,,659783.17,243875.7215,36.963,12.2,15.8667,5.8133,21.68,,Check whether channel mix shifts across demand months.
monthly_channel_mix,order_month_channel,2018-10,Distributor,3,channel_rank_in_month,3.0,38,28,37,25,,372689.3425,131001.9842,35.1505,11.5132,14.3421,5.6842,20.0263,,Check whether channel mix shifts across demand months.
monthly_channel_mix,order_month_channel,2019-04,In-Store,1,channel_rank_in_month,1.0,98,44,92,39,,992389.93,371365.9365,37.4214,12.9847,16.0918,5.6224,21.7143,,Check whether channel mix shifts across demand months.
monthly_channel_mix,order_month_channel,2019-04,Online,2,channel_rank_in_month,2.0,90,43,79,39,,725512.6825,276929.418,38.1702,11.9722,15.1,5.4222,20.5222,,Check whether channel mix shifts across demand months.
monthly_channel_mix,order_month_channel,2019-04,Wholesale,3,channel_rank_in_month,3.0,42,30,38,26,,468959.6325,181129.7828,38.6237,11.7262,15.2857,5.881,21.1667,,Check whether channel mix shifts across demand months.
monthly_channel_mix,order_month_channel,2019-11,In-Store,1,channel_rank_in_month,1.0,106,44,92,44,,1115193.225,413379.3505,37.068,12.0755,15.7264,5.3396,21.066,,Check whether channel mix shifts across demand months.
monthly_channel_mix,order_month_channel,2019-11,Online,2,channel_rank_in_month,2.0,78,39,69,36,,679629.24,244599.0465,35.9901,12.2756,14.4487,6.1667,20.6154,,Check whether channel mix shifts across demand months.
monthly_channel_mix,order_month_channel,2019-11,Distributor,3,channel_rank_in_month,3.0,45,32,44,28,,553418.8275,214291.397,38.7214,9.3889,16.1556,5.3556,21.5111,,Check whether channel mix shifts across demand months.
monthly_channel_mix,order_month_channel,2019-05,In-Store,1,channel_rank_in_month,1.0,112,43,95,43,,1053768.965,402462.716,38.1927,11.7857,14.0,4.8214,18.8214,,Check whether channel mix shifts across demand months.
monthly_channel_mix,order_month_channel,2019-05,Online,2,channel_rank_in_month,2.0,85,38,77,36,,759522.385,295083.9168,38.8512,11.5588,14.2824,5.0824,19.3647,,Check whether channel mix shifts across demand months.
monthly_channel_mix,order_month_channel,2019-05,Wholesale,3,channel_rank_in_month,3.0,38,28,35,26,,330978.66,120446.5725,36.391,11.1842,15.0789,4.5263,19.6053,,Check whether channel mix shifts across demand months.
monthly_channel_mix,order_month_channel,2019-12,In-Store,1,channel_rank_in_month,1.0,110,42,95,45,,1024903.5225,375310.384,36.6191,11.1364,14.3,5.4091,19.7091,,Check whether channel mix shifts across demand months.
monthly_channel_mix,order_month_channel,2019-12,Online,2,channel_rank_in_month,2.0,76,37,72,40,,717773.345,249202.6945,34.7189,12.3355,15.1711,5.5,20.6711,,Check whether channel mix shifts across demand months.
monthly_channel_mix,order_month_channel,2019-12,Distributor,3,channel_rank_in_month,3.0,31,22,31,21,,397772.97,161704.304,40.6524,10.5645,11.6774,5.5161,17.1935,,Check whether channel mix shifts across demand months.
monthly_channel_mix,order_month_channel,2020-08,In-Store,1,channel_rank_in_month,1.0,91,40,83,38,,852423.915,316542.3795,37.1344,11.5659,14.8132,5.9451,20.7582,,Check whether channel mix shifts across demand months.
monthly_channel_mix,order_month_channel,2020-08,Online,2,channel_rank_in_month,2.0,82,44,72,38,,590995.7775,233365.7093,39.4869,10.0915,15.7805,5.8171,21.5976,,Check whether channel mix shifts across demand months.
monthly_channel_mix,order_month_channel,2020-08,Distributor,3,channel_rank_in_month,3.0,48,30,46,30,,459462.215,170094.8885,37.0204,13.8021,14.5208,6.1667,20.6875,,Check whether channel mix shifts across demand months.
monthly_channel_mix,order_month_channel,2020-11,In-Store,1,channel_rank_in_month,1.0,105,47,94,46,,947141.6475,337578.911,35.6419,12.3333,14.3333,5.6381,19.9714,,Check whether channel mix shifts across demand months.
monthly_channel_mix,order_month_channel,2020-11,Online,2,channel_rank_in_month,2.0,73,38,69,37,,609453.105,232179.173,38.0963,13.3562,16.274,5.2877,21.5616,,Check whether channel mix shifts across demand months.
monthly_channel_mix,order_month_channel,2020-11,Distributor,3,channel_rank_in_month,3.0,46,31,40,28,,437875.3175,155677.8375,35.553,10.9783,14.6739,5.4565,20.1304,,Check whether channel mix shifts across demand months.
monthly_channel_mix,order_month_channel,2019-03,In-Store,1,channel_rank_in_month,1.0,79,37,69,37,,743972.69,296655.1838,39.8745,11.7405,15.0759,5.4937,20.5696,,Check whether channel mix shifts across demand months.
monthly_channel_mix,order_month_channel,2019-03,Online,2,channel_rank_in_month,2.0,62,34,57,33,,593711.455,224069.6905,37.7405,12.0565,14.4677,5.9032,20.371,,Check whether channel mix shifts across demand months.
monthly_channel_mix,order_month_channel,2019-03,Distributor,3,channel_rank_in_month,3.0,41,28,39,29,,399222.85,141918.4633,35.5487,10.2439,14.3171,5.8049,20.122,,Check whether channel mix shifts across demand months.
monthly_channel_mix,order_month_channel,2019-10,In-Store,1,channel_rank_in_month,1.0,108,43,91,43,,885013.05,348825.9243,39.4148,11.8981,15.963,5.4722,21.4352,,Check whether channel mix shifts across demand months.
monthly_channel_mix,order_month_channel,2019-10,Online,2,channel_rank_in_month,2.0,74,44,65,34,,712540.98,268286.9628,37.6521,11.1824,16.3243,5.5676,21.8919,,Check whether channel mix shifts across demand months.
monthly_channel_mix,order_month_channel,2019-10,Distributor,3,channel_rank_in_month,3.0,33,26,33,25,,361924.7875,129398.3963,35.7528,14.0152,15.7576,6.0606,21.8182,,Check whether channel mix shifts across demand months.
monthly_channel_mix,order_month_channel,2020-03,In-Store,1,channel_rank_in_month,1.0,105,47,90,42,,812849.8625,318754.8613,39.2145,11.119,16.6286,5.4476,22.0762,,Check whether channel mix shifts across demand months.
monthly_channel_mix,order_month_channel,2020-03,Online,2,channel_rank_in_month,2.0,69,38,64,36,,666621.525,234344.8033,35.1541,11.1232,15.1159,5.7101,20.8261,,Check whether channel mix shifts across demand months.
monthly_channel_mix,order_month_channel,2020-03,Distributor,3,channel_rank_in_month,3.0,42,26,39,29,,418037.455,134038.9985,32.0639,12.7381,16.2143,5.9762,22.1905,,Check whether channel mix shifts across demand months.
monthly_channel_mix,order_month_channel,2020-06,In-Store,1,channel_rank_in_month,1.0,98,40,78,42,,782094.685,283155.8987,36.2048,12.4235,15.5816,5.5408,21.1224,,Check whether channel mix shifts across demand months.
monthly_channel_mix,order_month_channel,2020-06,Online,2,channel_rank_in_month,2.0,79,35,74,37,,649260.6525,262204.7315,40.3851,12.4051,16.6456,5.7089,22.3544,,Check whether channel mix shifts across demand months.
monthly_channel_mix,order_month_channel,2020-06,Distributor,3,channel_rank_in_month,3.0,44,31,39,25,,480995.8475,183655.8425,38.1824,11.8182,17.4091,5.8864,23.2955,,Check whether channel mix shifts across demand months.
monthly_channel_mix,order_month_channel,2020-07,In-Store,1,channel_rank_in_month,1.0,125,46,106,40,,1245209.9075,459287.1563,36.8843,9.98,16.064,5.352,21.416,,Check whether channel mix shifts across demand months.
monthly_channel_mix,order_month_channel,2020-07,Online,2,channel_rank_in_month,2.0,82,42,72,41,,808697.37,302053.2143,37.3506,11.8598,16.3537,4.9634,21.3171,,Check whether channel mix shifts across demand months.
monthly_channel_mix,order_month_channel,2020-07,Distributor,3,channel_rank_in_month,3.0,43,25,40,28,,462822.265,164662.68,35.578,9.4186,15.2791,5.4186,20.6977,,Check whether channel mix shifts across demand months.
monthly_channel_mix,order_month_channel,2018-06,In-Store,1,channel_rank_in_month,1.0,114,44,103,41,,954013.1675,336336.5187,35.2549,11.3816,15.4035,5.2982,20.7018,,Check whether channel mix shifts across demand months.
monthly_channel_mix,order_month_channel,2018-06,Online,2,channel_rank_in_month,2.0,78,40,70,38,,728390.835,269279.809,36.9691,12.6282,16.0,5.4487,21.4487,,Check whether channel mix shifts across demand months.
monthly_channel_mix,order_month_channel,2018-06,Distributor,3,channel_rank_in_month,3.0,41,26,38,27,,372569.58,148524.3592,39.8649,12.3171,14.8537,5.8293,20.6829,,Check whether channel mix shifts across demand months.
monthly_channel_mix,order_month_channel,2019-01,In-Store,1,channel_rank_in_month,1.0,128,45,112,41,,1046041.6875,393156.8163,37.5852,11.3281,15.4063,5.9141,21.3203,,Check whether channel mix shifts across demand months.
monthly_channel_mix,order_month_channel,2019-01,Online,2,channel_rank_in_month,2.0,94,43,83,39,,924846.895,328656.0352,35.5363,11.8617,14.7766,5.1702,19.9468,,Check whether channel mix shifts across demand months.
monthly_channel_mix,order_month_channel,2019-01,Distributor,3,channel_rank_in_month,3.0,40,31,39,25,,428982.575,154043.7035,35.9091,10.0,15.775,5.625,21.4,,Check whether channel mix shifts across demand months.
monthly_channel_mix,order_month_channel,2020-05,In-Store,1,channel_rank_in_month,1.0,111,42,98,46,,1078582.5825,404963.7075,37.5459,11.8468,15.7928,5.2973,21.0901,,Check whether channel mix shifts across demand months.
monthly_channel_mix,order_month_channel,2020-05,Online,2,channel_rank_in_month,2.0,71,38,67,40,,668974.0625,269235.7673,40.2461,11.0563,15.7606,4.8451,20.6056,,Check whether channel mix shifts across demand months.
monthly_channel_mix,order_month_channel,2020-05,Distributor,3,channel_rank_in_month,3.0,53,32,48,31,,497112.6975,197218.4,39.6728,11.0849,16.9245,4.9434,21.8679,,Check whether channel mix shifts across demand months.
monthly_channel_mix,order_month_channel,2018-05,In-Store,1,channel_rank_in_month,1.0,3,3,3,3,,21758.7525,8058.9645,37.0378,9.1667,16.0,5.3333,21.3333,,Check whether channel mix shifts across demand months.
monthly_channel_mix,order_month_channel,2018-05,Wholesale,2,channel_rank_in_month,2.0,1,1,1,1,,17204.26,6365.554,36.9999,7.5,2.0,5.0,7.0,,Check whether channel mix shifts across demand months.
monthly_channel_mix,order_month_channel,2018-05,Online,3,channel_rank_in_month,3.0,2,2,2,2,,15865.265,4451.5735,28.0586,6.25,15.0,7.5,22.5,,Check whether channel mix shifts across demand months.
monthly_channel_mix,order_month_channel,2018-08,In-Store,1,channel_rank_in_month,1.0,123,42,111,43,,1152897.6425,427395.5443,37.0714,11.5244,14.5691,5.5691,20.1382,,Check whether channel mix shifts across demand months.
monthly_channel_mix,order_month_channel,2018-08,Online,2,channel_rank_in_month,2.0,81,42,76,37,,767303.765,267823.7098,34.9045,10.4321,16.0741,5.4815,21.5556,,Check whether channel mix shifts across demand months.
monthly_channel_mix,order_month_channel,2018-08,Distributor,3,channel_rank_in_month,3.0,45,32,44,32,,351541.7975,129724.136,36.9015,13.2222,15.9778,6.2889,22.2667,,Check whether channel mix shifts across demand months.
monthly_channel_mix,order_month_channel,2018-12,In-Store,1,channel_rank_in_month,1.0,125,47,106,46,,1083788.315,378587.0645,34.9318,11.8,16.36,5.792,22.152,,Check whether channel mix shifts across demand months.
monthly_channel_mix,order_month_channel,2018-12,Online,2,channel_rank_in_month,2.0,80,42,73,36,,678557.0725,242358.379,35.7167,9.75,14.75,5.275,20.025,,Check whether channel mix shifts across demand months.
monthly_channel_mix,order_month_channel,2018-12,Distributor,3,channel_rank_in_month,3.0,54,33,50,34,,559064.08,207782.373,37.1661,12.3148,15.463,6.2037,21.6667,,Check whether channel mix shifts across demand months.
monthly_channel_mix,order_month_channel,2019-02,In-Store,1,channel_rank_in_month,1.0,95,38,83,41,,841985.1475,312974.9587,37.1711,10.5789,15.5368,5.0526,20.5895,,Check whether channel mix shifts across demand months.
monthly_channel_mix,order_month_channel,2019-02,Online,2,channel_rank_in_month,2.0,63,38,58,34,,511784.86,197523.838,38.5951,12.3016,14.7302,6.0952,20.8254,,Check whether channel mix shifts across demand months.
monthly_channel_mix,order_month_channel,2019-02,Distributor,3,channel_rank_in_month,3.0,46,33,44,30,,323424.41,129315.6692,39.9833,9.0761,16.0652,5.413,21.4783,,Check whether channel mix shifts across demand months.
monthly_channel_mix,order_month_channel,2020-02,In-Store,1,channel_rank_in_month,1.0,112,47,95,38,,1000873.9725,363971.5735,36.3654,12.5893,14.1786,5.3839,19.5625,,Check whether channel mix shifts across demand months.
monthly_channel_mix,order_month_channel,2020-02,Online,2,channel_rank_in_month,2.0,82,44,70,37,,744291.945,275017.2142,36.9502,10.0915,14.1707,5.6829,19.8537,,Check whether channel mix shifts across demand months.
monthly_channel_mix,order_month_channel,2020-02,Distributor,3,channel_rank_in_month,3.0,52,33,51,30,,508185.62,190539.1915,37.494,11.25,14.5192,4.8846,19.4038,,Check whether channel mix shifts across demand months.
monthly_channel_mix,order_month_channel,2019-09,In-Store,1,channel_rank_in_month,1.0,98,45,87,44,,1081376.4825,380641.2813,35.1997,10.4337,15.3776,4.9286,20.3061,,Check whether channel mix shifts across demand months.
monthly_channel_mix,order_month_channel,2019-09,Online,2,channel_rank_in_month,2.0,80,39,74,43,,777296.145,301514.0115,38.7901,10.875,15.0375,5.7625,20.8,,Check whether channel mix shifts across demand months.
monthly_channel_mix,order_month_channel,2019-09,Distributor,3,channel_rank_in_month,3.0,34,25,34,23,,278658.8625,107386.3897,38.5369,11.8382,14.6176,5.3529,19.9706,,Check whether channel mix shifts across demand months.
monthly_channel_mix,order_month_channel,2018-07,In-Store,1,channel_rank_in_month,1.0,90,44,77,38,,909352.14,346700.0188,38.126,10.0556,15.6444,5.6333,21.2778,,Check whether channel mix shifts across demand months.
monthly_channel_mix,order_month_channel,2018-07,Online,2,channel_rank_in_month,2.0,78,41,71,38,,622304.2075,245360.2323,39.4277,12.8846,16.1667,5.4872,21.6538,,Check whether channel mix shifts across demand months.
monthly_channel_mix,order_month_channel,2018-07,Distributor,3,channel_rank_in_month,3.0,58,34,53,36,,621852.6275,219709.8492,35.3315,10.9914,16.0172,5.3276,21.3448,,Check whether channel mix shifts across demand months.
monthly_channel_mix,order_month_channel,2019-07,In-Store,1,channel_rank_in_month,1.0,108,46,95,45,,785458.5875,292800.4575,37.2776,11.1806,14.0185,4.9815,19.0,,Check whether channel mix shifts across demand months.
monthly_channel_mix,order_month_channel,2019-07,Online,2,channel_rank_in_month,2.0,81,42,70,36,,654242.27,251928.045,38.5068,11.6975,14.7654,6.1235,20.8889,,Check whether channel mix shifts across demand months.
monthly_channel_mix,order_month_channel,2019-07,Distributor,3,channel_rank_in_month,3.0,41,32,40,28,,386639.915,152723.5965,39.5002,11.1585,16.561,5.1951,21.7561,,Check whether channel mix shifts across demand months.
monthly_product_leaders,order_month_product,2018-09,Ornaments,1,product_rank_in_month,1.0,11,11,11,,3,148340.68,45680.8152,30.7945,14.7727,10.7273,4.9091,15.6364,,Identify products that drive or explain monthly demand spikes.
monthly_product_leaders,order_month_product,2018-09,Pillows,2,product_rank_in_month,2.0,7,7,7,,3,116263.9275,35590.8398,30.6121,16.0714,15.1429,4.5714,19.7143,,Identify products that drive or explain monthly demand spikes.
monthly_product_leaders,order_month_product,2018-09,Clocks,3,product_rank_in_month,3.0,7,5,7,,3,89637.29,27201.818,30.3465,14.6429,17.2857,6.5714,23.8571,,Identify products that drive or explain monthly demand spikes.
monthly_product_leaders,order_month_product,2018-09,Festive,4,product_rank_in_month,4.0,7,6,7,,3,88395.2775,39756.0187,44.9753,9.2857,11.2857,6.1429,17.4286,,Identify products that drive or explain monthly demand spikes.
monthly_product_leaders,order_month_product,2018-09,Floral,5,product_rank_in_month,5.0,3,3,3,,1,85305.07,36194.6535,42.4297,6.6667,8.3333,6.0,14.3333,,Identify products that drive or explain monthly demand spikes.
monthly_product_leaders,order_month_product,2018-11,Sculptures,1,product_rank_in_month,1.0,10,9,10,,2,189406.4875,82261.7652,43.4313,9.5,15.2,5.9,21.1,,Identify products that drive or explain monthly demand spikes.
monthly_product_leaders,order_month_product,2018-11,Home Fragrances,2,product_rank_in_month,2.0,11,11,11,,3,130595.2275,41166.5893,31.5223,10.9091,14.4545,3.4545,17.9091,,Identify products that drive or explain monthly demand spikes.
monthly_product_leaders,order_month_product,2018-11,Platters,3,product_rank_in_month,3.0,9,8,8,,3,122634.2875,45484.5085,37.0896,11.9444,18.1111,5.2222,23.3333,,Identify products that drive or explain monthly demand spikes.
monthly_product_leaders,order_month_product,2018-11,Accessories,4,product_rank_in_month,4.0,8,8,8,,2,102628.925,38724.7485,37.7328,9.6875,13.25,4.25,17.5,,Identify products that drive or explain monthly demand spikes.
monthly_product_leaders,order_month_product,2018-11,Cocktail Glasses,5,product_rank_in_month,5.0,7,7,7,,4,97296.8975,39254.63,40.3452,15.7143,17.5714,4.7143,22.2857,,Identify products that drive or explain monthly demand spikes.
monthly_product_leaders,order_month_product,2019-06,Photo Frames,1,product_rank_in_month,1.0,7,7,7,,3,114336.3375,51967.359,45.4513,11.7857,15.1429,6.1429,21.2857,,Identify products that drive or explain monthly demand spikes.
monthly_product_leaders,order_month_product,2019-06,Pendants,2,product_rank_in_month,2.0,8,8,8,,3,106289.3025,28837.5255,27.1312,11.875,16.375,4.5,20.875,,Identify products that drive or explain monthly demand spikes.
monthly_product_leaders,order_month_product,2019-06,TV and video,3,product_rank_in_month,3.0,9,9,8,,3,101053.755,39651.616,39.2381,14.1667,13.6667,3.5556,17.2222,,Identify products that drive or explain monthly demand spikes.
monthly_product_leaders,order_month_product,2019-06,Mirrors,4,product_rank_in_month,4.0,5,5,5,,3,92504.89,39068.703,42.2342,15.5,10.8,6.0,16.8,,Identify products that drive or explain monthly demand spikes.
monthly_product_leaders,order_month_product,2019-06,Basketball,5,product_rank_in_month,5.0,4,3,4,,3,91548.13,34911.019,38.1341,13.75,19.5,5.0,24.5,,Identify products that drive or explain monthly demand spikes.
monthly_product_leaders,order_month_product,2019-08,Bathroom Furniture,1,product_rank_in_month,1.0,7,6,7,,3,126607.0525,42414.2935,33.5007,8.5714,9.7143,6.1429,15.8571,,Identify products that drive or explain monthly demand spikes.
monthly_product_leaders,order_month_product,2019-08,Floor Lamps,2,product_rank_in_month,2.0,8,8,8,,3,119516.61,51519.0407,43.1062,10.3125,13.125,5.75,18.875,,Identify products that drive or explain monthly demand spikes.
monthly_product_leaders,order_month_product,2019-08,Home Fragrances,3,product_rank_in_month,3.0,7,6,7,,3,101110.705,40378.114,39.9346,10.0,14.0,5.5714,19.5714,,Identify products that drive or explain monthly demand spikes.
monthly_product_leaders,order_month_product,2019-08,Stemware,4,product_rank_in_month,4.0,9,8,9,,3,96240.475,39874.1825,41.4318,8.8889,13.6667,4.6667,18.3333,,Identify products that drive or explain monthly demand spikes.
monthly_product_leaders,order_month_product,2019-08,Dining Furniture,5,product_rank_in_month,5.0,8,7,8,,3,90091.215,27433.7405,30.4511,9.0625,11.5,5.125,16.625,,Identify products that drive or explain monthly demand spikes.
monthly_product_leaders,order_month_product,2020-01,Photo Frames,1,product_rank_in_month,1.0,12,10,12,,3,183747.5,83935.941,45.68,13.75,12.5833,5.25,17.8333,,Identify products that drive or explain monthly demand spikes.
monthly_product_leaders,order_month_product,2020-01,Wall Frames,2,product_rank_in_month,2.0,13,11,11,,4,125262.865,50552.941,40.3575,7.8846,15.6923,4.0769,19.7692,,Identify products that drive or explain monthly demand spikes.
monthly_product_leaders,order_month_product,2020-01,Serveware,3,product_rank_in_month,3.0,8,8,8,,3,111948.1225,30078.928,26.8686,12.1875,19.125,5.5,24.625,,Identify products that drive or explain monthly demand spikes.
monthly_product_leaders,order_month_product,2020-01,TV and video,4,product_rank_in_month,4.0,9,9,9,,3,110217.5125,46364.2063,42.0661,13.8889,17.5556,5.1111,22.6667,,Identify products that drive or explain monthly demand spikes.
monthly_product_leaders,order_month_product,2020-01,Vanities,5,product_rank_in_month,5.0,9,8,9,,3,106559.145,43154.5602,40.4982,8.6111,12.2222,4.4444,16.6667,,Identify products that drive or explain monthly demand spikes.
monthly_product_leaders,order_month_product,2020-09,Clocks,1,product_rank_in_month,1.0,10,10,9,,4,123628.9025,32842.1875,26.5651,9.5,11.2,5.3,16.5,,Identify products that drive or explain monthly demand spikes.
monthly_product_leaders,order_month_product,2020-09,Cocktail Glasses,2,product_rank_in_month,2.0,8,8,8,,3,118819.81,40668.3755,34.2269,7.8125,13.625,6.125,19.75,,Identify products that drive or explain monthly demand spikes.
monthly_product_leaders,order_month_product,2020-09,Home Fragrances,3,product_rank_in_month,3.0,10,10,9,,3,118496.87,38140.714,32.1871,14.75,14.1,5.7,19.8,,Identify products that drive or explain monthly demand spikes.
monthly_product_leaders,order_month_product,2020-09,Dinnerware,4,product_rank_in_month,4.0,12,12,12,,4,114775.02,43402.9332,37.8157,13.75,17.0833,5.0833,22.1667,,Identify products that drive or explain monthly demand spikes.
monthly_product_leaders,order_month_product,2020-09,Wall Frames,5,product_rank_in_month,5.0,5,5,5,,2,93474.045,35818.2985,38.319,6.0,9.0,4.6,13.6,,Identify products that drive or explain monthly demand spikes.
monthly_product_leaders,order_month_product,2020-04,Serveware,1,product_rank_in_month,1.0,10,9,9,,3,120304.865,51790.244,43.0492,9.0,16.6,5.8,22.4,,Identify products that drive or explain monthly demand spikes.
monthly_product_leaders,order_month_product,2020-04,Pendants,2,product_rank_in_month,2.0,7,6,6,,3,115959.58,44904.2958,38.7241,9.6429,13.0,7.8571,20.8571,,Identify products that drive or explain monthly demand spikes.
monthly_product_leaders,order_month_product,2020-04,Dining Furniture,3,product_rank_in_month,3.0,6,6,6,,4,93889.78,40391.367,43.02,12.0833,13.3333,7.0,20.3333,,Identify products that drive or explain monthly demand spikes.
monthly_product_leaders,order_month_product,2020-04,Mirrors,4,product_rank_in_month,4.0,10,7,10,,4,89135.6275,34972.5617,39.2352,10.5,8.7,4.7,13.4,,Identify products that drive or explain monthly demand spikes.
monthly_product_leaders,order_month_product,2020-04,Floor Lamps,5,product_rank_in_month,5.0,6,6,6,,4,88853.725,25450.474,28.6431,12.0833,8.6667,4.1667,12.8333,,Identify products that drive or explain monthly demand spikes.
monthly_product_leaders,order_month_product,2020-12,Bathroom Furniture,1,product_rank_in_month,1.0,11,10,11,,4,126694.99,38952.9105,30.7454,13.4091,20.8182,5.0909,25.9091,,Identify products that drive or explain monthly demand spikes.
monthly_product_leaders,order_month_product,2020-12,Wine Storage,2,product_rank_in_month,2.0,5,5,4,,4,122379.855,32876.4392,26.8643,9.0,15.2,5.6,20.8,,Identify products that drive or explain monthly demand spikes.
monthly_product_leaders,order_month_product,2020-12,Furniture Cushions,3,product_rank_in_month,3.0,13,12,13,,3,100138.0325,40467.6418,40.4119,12.1154,11.3077,6.3077,17.6154,,Identify products that drive or explain monthly demand spikes.
monthly_product_leaders,order_month_product,2020-12,Accessories,4,product_rank_in_month,4.0,7,6,7,,3,98309.77,34952.1605,35.5531,7.8571,8.5714,6.8571,15.4286,,Identify products that drive or explain monthly demand spikes.
monthly_product_leaders,order_month_product,2020-12,Platters,5,product_rank_in_month,5.0,11,11,11,,3,90520.35,28958.948,31.9916,9.5455,19.1818,4.4545,23.6364,,Identify products that drive or explain monthly demand spikes.
monthly_product_leaders,order_month_product,2020-10,Bar Tools,1,product_rank_in_month,1.0,8,7,7,,4,160650.59,50739.6445,31.5839,15.625,17.25,4.0,21.25,,Identify products that drive or explain monthly demand spikes.
monthly_product_leaders,order_month_product,2020-10,Collectibles,2,product_rank_in_month,2.0,8,8,8,,3,123145.8325,44250.7863,35.9336,14.6875,15.625,6.125,21.75,,Identify products that drive or explain monthly demand spikes.
monthly_product_leaders,order_month_product,2020-10,Wall Frames,3,product_rank_in_month,3.0,10,8,10,,4,121262.7975,51007.803,42.0639,14.25,14.5,5.4,19.9,,Identify products that drive or explain monthly demand spikes.
monthly_product_leaders,order_month_product,2020-10,Dinnerware,4,product_rank_in_month,4.0,9,9,9,,3,113398.3375,39757.2248,35.0598,12.5,13.0,7.3333,20.3333,,Identify products that drive or explain monthly demand spikes.
monthly_product_leaders,order_month_product,2020-10,Festive,5,product_rank_in_month,5.0,9,8,9,,4,105209.5975,37279.1388,35.4332,11.6667,12.3333,4.4444,16.7778,,Identify products that drive or explain monthly demand spikes.
monthly_product_leaders,order_month_product,2018-10,Baseball,1,product_rank_in_month,1.0,8,7,8,,3,88738.82,29791.168,33.5717,13.125,14.375,6.625,21.0,,Identify products that drive or explain monthly demand spikes.
monthly_product_leaders,order_month_product,2018-10,Candles,2,product_rank_in_month,2.0,6,5,6,,2,87047.405,25313.0335,29.0796,10.0,16.5,5.6667,22.1667,,Identify products that drive or explain monthly demand spikes.
monthly_product_leaders,order_month_product,2018-10,Outdoor Decor,3,product_rank_in_month,3.0,7,7,7,,2,84634.4,22348.1025,26.4055,16.0714,13.0,6.2857,19.2857,,Identify products that drive or explain monthly demand spikes.
monthly_product_leaders,order_month_product,2018-10,Pendants,4,product_rank_in_month,4.0,8,8,8,,4,84454.505,37044.128,43.8628,11.25,15.125,4.75,19.875,,Identify products that drive or explain monthly demand spikes.
monthly_product_leaders,order_month_product,2018-10,Audio,5,product_rank_in_month,5.0,7,7,7,,2,83961.385,29881.3305,35.5894,8.2143,16.7143,5.1429,21.8571,,Identify products that drive or explain monthly demand spikes.
monthly_product_leaders,order_month_product,2019-04,Wardrobes,1,product_rank_in_month,1.0,10,6,10,,3,132817.785,48132.9803,36.2399,9.25,15.8,6.2,22.0,,Identify products that drive or explain monthly demand spikes.
monthly_product_leaders,order_month_product,2019-04,Serveware,2,product_rank_in_month,2.0,8,7,8,,4,117379.645,34738.189,29.5947,13.125,16.875,4.375,21.25,,Identify products that drive or explain monthly demand spikes.
monthly_product_leaders,order_month_product,2019-04,Phones,3,product_rank_in_month,3.0,7,7,7,,4,115777.675,47433.329,40.9693,7.1429,20.4286,5.7143,26.1429,,Identify products that drive or explain monthly demand spikes.
monthly_product_leaders,order_month_product,2019-04,Mirrors,4,product_rank_in_month,4.0,6,6,6,,3,108778.52,42980.646,39.5121,10.8333,14.6667,6.3333,21.0,,Identify products that drive or explain monthly demand spikes.
monthly_product_leaders,order_month_product,2019-04,Candleholders,5,product_rank_in_month,5.0,11,10,11,,4,90141.9675,35296.5345,39.1566,10.9091,17.3636,6.1818,23.5455,,Identify products that drive or explain monthly demand spikes.
monthly_product_leaders,order_month_product,2019-11,Table Linens,1,product_rank_in_month,1.0,6,5,6,,3,133180.59,52480.476,39.4055,7.0833,11.1667,7.3333,18.5,,Identify products that drive or explain monthly demand spikes.
monthly_product_leaders,order_month_product,2019-11,Table Lamps,2,product_rank_in_month,2.0,9,9,9,,2,131421.505,40722.6205,30.9863,16.9444,18.2222,5.7778,24.0,,Identify products that drive or explain monthly demand spikes.
monthly_product_leaders,order_month_product,2019-11,Basketball,3,product_rank_in_month,3.0,5,5,5,,4,118311.615,38152.4127,32.2474,9.0,12.8,7.8,20.6,,Identify products that drive or explain monthly demand spikes.
monthly_product_leaders,order_month_product,2019-11,Mirrors,4,product_rank_in_month,4.0,8,8,8,,2,117137.775,39987.2245,34.1369,13.4375,11.875,4.75,16.625,,Identify products that drive or explain monthly demand spikes.
monthly_product_leaders,order_month_product,2019-11,Wardrobes,5,product_rank_in_month,5.0,7,7,7,,4,106348.095,42934.1797,40.3714,10.0,18.8571,7.1429,26.0,,Identify products that drive or explain monthly demand spikes.
monthly_product_leaders,order_month_product,2019-05,Platters,1,product_rank_in_month,1.0,7,6,7,,3,108066.645,42221.5335,39.0699,13.2143,12.1429,5.0,17.1429,,Identify products that drive or explain monthly demand spikes.
monthly_product_leaders,order_month_product,2019-05,Wreaths,2,product_rank_in_month,2.0,7,7,7,,3,105130.705,37980.0635,36.1265,7.1429,17.7143,5.8571,23.5714,,Identify products that drive or explain monthly demand spikes.
monthly_product_leaders,order_month_product,2019-05,Baseball,3,product_rank_in_month,3.0,11,11,11,,3,104801.065,47104.9985,44.9471,8.1818,17.5455,6.1818,23.7273,,Identify products that drive or explain monthly demand spikes.
monthly_product_leaders,order_month_product,2019-05,Wardrobes,4,product_rank_in_month,4.0,6,6,6,,4,102575.4925,34812.0005,33.9379,8.3333,11.5,3.6667,15.1667,,Identify products that drive or explain monthly demand spikes.
monthly_product_leaders,order_month_product,2019-05,Ornaments,5,product_rank_in_month,5.0,9,9,9,,4,95440.3275,32154.1943,33.6904,8.6111,12.7778,7.5556,20.3333,,Identify products that drive or explain monthly demand spikes.
monthly_product_leaders,order_month_product,2019-12,Dinnerware,1,product_rank_in_month,1.0,10,8,10,,4,116966.925,48967.0585,41.864,10.0,13.7,4.8,18.5,,Identify products that drive or explain monthly demand spikes.
monthly_product_leaders,order_month_product,2019-12,Ornaments,2,product_rank_in_month,2.0,8,8,8,,4,114422.935,55070.6135,48.129,16.875,17.625,4.625,22.25,,Identify products that drive or explain monthly demand spikes.
monthly_product_leaders,order_month_product,2019-12,Cookware,3,product_rank_in_month,3.0,6,6,6,,2,110190.545,38181.058,34.65,8.75,13.0,5.6667,18.6667,,Identify products that drive or explain monthly demand spikes.
monthly_product_leaders,order_month_product,2019-12,Furniture Cushions,4,product_rank_in_month,4.0,7,7,7,,3,106326.1525,26371.7008,24.8026,8.5714,11.5714,6.4286,18.0,,Identify products that drive or explain monthly demand spikes.
monthly_product_leaders,order_month_product,2019-12,Wardrobes,5,product_rank_in_month,5.0,10,10,9,,3,103741.795,38263.4405,36.8833,9.0,12.5,5.9,18.4,,Identify products that drive or explain monthly demand spikes.
monthly_product_leaders,order_month_product,2020-08,Serveware,1,product_rank_in_month,1.0,10,10,10,,3,115195.6125,39269.887,34.0897,13.0,15.9,6.1,22.0,,Identify products that drive or explain monthly demand spikes.
monthly_product_leaders,order_month_product,2020-08,Vanities,2,product_rank_in_month,2.0,9,9,9,,3,110684.8375,40800.1585,36.8616,8.6111,16.3333,6.3333,22.6667,,Identify products that drive or explain monthly demand spikes.
monthly_product_leaders,order_month_product,2020-08,Phones,3,product_rank_in_month,3.0,11,11,11,,4,97570.09,35435.6342,36.3181,11.5909,16.2727,5.0,21.2727,,Identify products that drive or explain monthly demand spikes.
monthly_product_leaders,order_month_product,2020-08,Accessories,4,product_rank_in_month,4.0,5,5,5,,3,91587.66,41809.636,45.6499,9.0,15.8,6.6,22.4,,Identify products that drive or explain monthly demand spikes.
monthly_product_leaders,order_month_product,2020-08,Table Linens,5,product_rank_in_month,5.0,8,8,8,,4,91584.645,39037.5065,42.6245,16.5625,14.5,6.5,21.0,,Identify products that drive or explain monthly demand spikes.
monthly_product_leaders,order_month_product,2020-11,Accessories,1,product_rank_in_month,1.0,5,5,5,,2,133815.415,48468.9685,36.2208,11.0,15.0,6.4,21.4,,Identify products that drive or explain monthly demand spikes.
monthly_product_leaders,order_month_product,2020-11,Festive,2,product_rank_in_month,2.0,9,8,8,,3,112944.4125,39659.3028,35.114,16.6667,16.1111,3.6667,19.7778,,Identify products that drive or explain monthly demand spikes.
monthly_product_leaders,order_month_product,2020-11,Serveware,3,product_rank_in_month,3.0,9,9,9,,3,100448.745,45738.7543,45.5344,14.4444,16.5556,5.6667,22.2222,,Identify products that drive or explain monthly demand spikes.
monthly_product_leaders,order_month_product,2020-11,Wreaths,4,product_rank_in_month,4.0,9,7,9,,4,97351.0,30938.787,31.7807,15.0,12.6667,6.1111,18.7778,,Identify products that drive or explain monthly demand spikes.
monthly_product_leaders,order_month_product,2020-11,Vases,5,product_rank_in_month,5.0,9,8,9,,4,96096.5925,35930.2453,37.3897,12.5,14.0,4.8889,18.8889,,Identify products that drive or explain monthly demand spikes.
monthly_product_leaders,order_month_product,2019-03,Rugs,1,product_rank_in_month,1.0,6,5,6,,4,109630.09,46029.2845,41.986,10.0,22.5,5.8333,28.3333,,Identify products that drive or explain monthly demand spikes.
monthly_product_leaders,order_month_product,2019-03,Bathroom Furniture,2,product_rank_in_month,2.0,7,7,7,,3,100130.83,37519.0862,37.4701,14.6429,14.0,4.8571,18.8571,,Identify products that drive or explain monthly demand spikes.
monthly_product_leaders,order_month_product,2019-03,Accessories,3,product_rank_in_month,3.0,6,6,6,,2,89962.24,39296.8175,43.6815,11.25,18.5,5.5,24.0,,Identify products that drive or explain monthly demand spikes.
monthly_product_leaders,order_month_product,2019-03,Wardrobes,4,product_rank_in_month,4.0,7,6,7,,4,89215.525,37923.7405,42.508,8.5714,9.8571,5.1429,15.0,,Identify products that drive or explain monthly demand spikes.
monthly_product_leaders,order_month_product,2019-03,Wall Frames,5,product_rank_in_month,5.0,5,5,5,,3,86998.16,30596.1395,35.1687,13.0,14.6,8.4,23.0,,Identify products that drive or explain monthly demand spikes.
monthly_product_leaders,order_month_product,2019-10,Cocktail Glasses,1,product_rank_in_month,1.0,9,8,9,,4,116003.13,48609.7285,41.9038,11.6667,16.5556,7.0,23.5556,,Identify products that drive or explain monthly demand spikes.
monthly_product_leaders,order_month_product,2019-10,Dinnerware,2,product_rank_in_month,2.0,8,8,8,,3,102510.67,44426.5915,43.3385,11.875,13.0,4.75,17.75,,Identify products that drive or explain monthly demand spikes.
monthly_product_leaders,order_month_product,2019-10,Platters,3,product_rank_in_month,3.0,8,7,8,,3,97364.2325,35593.2532,36.5568,9.0625,19.625,5.625,25.25,,Identify products that drive or explain monthly demand spikes.
monthly_product_leaders,order_month_product,2019-10,Photo Frames,4,product_rank_in_month,4.0,5,4,5,,4,90732.405,30578.0718,33.7014,17.5,14.8,6.2,21.0,,Identify products that drive or explain monthly demand spikes.
monthly_product_leaders,order_month_product,2019-10,Sculptures,5,product_rank_in_month,5.0,10,8,10,,3,81739.665,38809.656,47.4796,12.75,16.4,6.7,23.1,,Identify products that drive or explain monthly demand spikes.
monthly_product_leaders,order_month_product,2020-03,Wall Coverings,1,product_rank_in_month,1.0,14,13,14,,3,162285.055,49460.3378,30.4774,11.0714,15.9286,5.5714,21.5,,Identify products that drive or explain monthly demand spikes.
monthly_product_leaders,order_month_product,2020-03,Phones,2,product_rank_in_month,2.0,10,9,9,,4,96956.705,37711.6823,38.8954,8.75,16.3,5.8,22.1,,Identify products that drive or explain monthly demand spikes.
monthly_product_leaders,order_month_product,2020-03,Wine Storage,3,product_rank_in_month,3.0,9,9,9,,4,94322.0975,37171.2145,39.4088,9.4444,12.1111,5.4444,17.5556,,Identify products that drive or explain monthly demand spikes.
monthly_product_leaders,order_month_product,2020-03,Ornaments,4,product_rank_in_month,4.0,9,9,8,,4,91641.26,35489.5915,38.7267,19.7222,17.8889,6.1111,24.0,,Identify products that drive or explain monthly demand spikes.
monthly_product_leaders,order_month_product,2020-03,Outdoor Furniture,5,product_rank_in_month,5.0,7,7,7,,2,86584.77,23057.1055,26.6295,8.2143,15.1429,6.5714,21.7143,,Identify products that drive or explain monthly demand spikes.
monthly_product_leaders,order_month_product,2020-06,Wreaths,1,product_rank_in_month,1.0,9,9,9,,3,120464.8275,41189.6758,34.1923,13.6111,18.3333,4.8889,23.2222,,Identify products that drive or explain monthly demand spikes.
monthly_product_leaders,order_month_product,2020-06,Dinnerware,2,product_rank_in_month,2.0,9,9,9,,3,109137.305,49532.8085,45.3858,10.2778,17.5556,5.4444,23.0,,Identify products that drive or explain monthly demand spikes.
monthly_product_leaders,order_month_product,2020-06,Floral,3,product_rank_in_month,3.0,5,5,5,,3,100811.215,35218.1695,34.9348,8.5,13.2,5.8,19.0,,Identify products that drive or explain monthly demand spikes.
monthly_product_leaders,order_month_product,2020-06,Vases,4,product_rank_in_month,4.0,8,6,8,,4,83011.1575,29823.0798,35.9266,14.375,17.0,6.625,23.625,,Identify products that drive or explain monthly demand spikes.
monthly_product_leaders,order_month_product,2020-06,Sculptures,5,product_rank_in_month,5.0,9,9,9,,3,81220.08,27650.2618,34.0436,10.0,18.2222,7.2222,25.4444,,Identify products that drive or explain monthly demand spikes.
monthly_product_leaders,order_month_product,2020-07,Festive,1,product_rank_in_month,1.0,11,11,11,,3,155305.8325,56406.1992,36.3194,9.5455,14.1818,5.7273,19.9091,,Identify products that drive or explain monthly demand spikes.
monthly_product_leaders,order_month_product,2020-07,Vanities,2,product_rank_in_month,2.0,13,13,11,,3,130123.5475,47380.7555,36.4121,14.4231,16.3846,6.3077,22.6923,,Identify products that drive or explain monthly demand spikes.
monthly_product_leaders,order_month_product,2020-07,Dinnerware,3,product_rank_in_month,3.0,8,7,8,,4,123695.735,48419.4735,39.144,8.4375,14.875,6.25,21.125,,Identify products that drive or explain monthly demand spikes.
monthly_product_leaders,order_month_product,2020-07,Bean Bags,4,product_rank_in_month,4.0,7,6,7,,3,117171.61,46129.7145,39.3694,12.1429,9.2857,6.1429,15.4286,,Identify products that drive or explain monthly demand spikes.
monthly_product_leaders,order_month_product,2020-07,Collectibles,5,product_rank_in_month,5.0,12,10,12,,4,105115.4625,44219.6642,42.0677,9.5833,15.6667,5.1667,20.8333,,Identify products that drive or explain monthly demand spikes.
monthly_product_leaders,order_month_product,2018-06,Rugs,1,product_rank_in_month,1.0,8,7,8,,4,103827.3875,45018.4975,43.359,9.0625,14.25,6.375,20.625,,Identify products that drive or explain monthly demand spikes.
monthly_product_leaders,order_month_product,2018-06,Table Linens,2,product_rank_in_month,2.0,10,10,10,,4,99737.875,45511.348,45.631,10.5,13.8,3.6,17.4,,Identify products that drive or explain monthly demand spikes.
monthly_product_leaders,order_month_product,2018-06,Accessories,3,product_rank_in_month,3.0,9,9,9,,4,93405.8725,40342.841,43.1909,11.6667,13.2222,5.6667,18.8889,,Identify products that drive or explain monthly demand spikes.
monthly_product_leaders,order_month_product,2018-06,Clocks,4,product_rank_in_month,4.0,6,6,6,,2,93344.4,39524.5028,42.3427,12.9167,18.0,5.6667,23.6667,,Identify products that drive or explain monthly demand spikes.
monthly_product_leaders,order_month_product,2018-06,Photo Frames,5,product_rank_in_month,5.0,6,6,6,,3,92065.8725,38817.7465,42.163,7.5,20.8333,5.6667,26.5,,Identify products that drive or explain monthly demand spikes.
monthly_product_leaders,order_month_product,2019-01,Table Lamps,1,product_rank_in_month,1.0,9,8,9,,4,146457.645,60376.1445,41.2243,8.3333,17.7778,6.0,23.7778,,Identify products that drive or explain monthly demand spikes.
monthly_product_leaders,order_month_product,2019-01,Wall Frames,2,product_rank_in_month,2.0,9,9,9,,3,106588.96,42293.1995,39.6788,9.7222,11.1111,6.0,17.1111,,Identify products that drive or explain monthly demand spikes.
monthly_product_leaders,order_month_product,2019-01,Bar Tools,3,product_rank_in_month,3.0,10,9,10,,4,106523.8025,35984.392,33.7806,17.25,17.1,4.5,21.6,,Identify products that drive or explain monthly demand spikes.
monthly_product_leaders,order_month_product,2019-01,Sculptures,4,product_rank_in_month,4.0,7,7,7,,2,100458.46,35553.0805,35.3908,18.9286,13.1429,6.0,19.1429,,Identify products that drive or explain monthly demand spikes.
monthly_product_leaders,order_month_product,2019-01,Candles,5,product_rank_in_month,5.0,6,6,5,,2,96446.5,40541.6775,42.0354,6.6667,7.6667,4.5,12.1667,,Identify products that drive or explain monthly demand spikes.
monthly_product_leaders,order_month_product,2020-05,Wall Coverings,1,product_rank_in_month,1.0,8,7,8,,3,129410.165,43293.891,33.4548,11.5625,16.875,5.75,22.625,,Identify products that drive or explain monthly demand spikes.
monthly_product_leaders,order_month_product,2020-05,Floral,2,product_rank_in_month,2.0,10,10,10,,4,128215.3875,50770.9088,39.5981,11.0,12.2,4.8,17.0,,Identify products that drive or explain monthly demand spikes.
monthly_product_leaders,order_month_product,2020-05,Furniture Cushions,3,product_rank_in_month,3.0,9,7,8,,4,115682.535,37826.357,32.6984,7.2222,19.0,5.1111,24.1111,,Identify products that drive or explain monthly demand spikes.
monthly_product_leaders,order_month_product,2020-05,TV and video,4,product_rank_in_month,4.0,10,9,10,,4,100952.0825,34817.0175,34.4887,12.5,14.8,4.6,19.4,,Identify products that drive or explain monthly demand spikes.
monthly_product_leaders,order_month_product,2020-05,Cocktail Glasses,5,product_rank_in_month,5.0,7,5,7,,3,98584.3025,47637.8713,48.322,7.8571,15.0,4.7143,19.7143,,Identify products that drive or explain monthly demand spikes.
monthly_product_leaders,order_month_product,2018-05,Accessories,1,product_rank_in_month,1.0,1,1,1,,1,17204.26,6365.554,36.9999,7.5,2.0,5.0,7.0,,Identify products that drive or explain monthly demand spikes.
monthly_product_leaders,order_month_product,2018-05,Candles,2,product_rank_in_month,2.0,1,1,1,,1,13121.28,2493.072,19.0002,10.0,16.0,10.0,26.0,,Identify products that drive or explain monthly demand spikes.
monthly_product_leaders,order_month_product,2018-05,Wreaths,3,product_rank_in_month,3.0,1,1,1,,1,10932.39,1639.8585,15.0,7.5,22.0,10.0,32.0,,Identify products that drive or explain monthly demand spikes.
monthly_product_leaders,order_month_product,2018-05,Dining Furniture,4,product_rank_in_month,4.0,1,1,1,,1,9079.3375,4448.88,49.0001,7.5,14.0,5.0,19.0,,Identify products that drive or explain monthly demand spikes.
monthly_product_leaders,order_month_product,2018-05,Sculptures,5,product_rank_in_month,5.0,1,1,1,,1,8624.575,1379.9225,15.9999,5.0,26.0,5.0,31.0,,Identify products that drive or explain monthly demand spikes.
monthly_product_leaders,order_month_product,2018-08,Photo Frames,1,product_rank_in_month,1.0,13,12,13,,4,131884.81,52542.924,39.84,10.1923,15.9231,4.9231,20.8462,,Identify products that drive or explain monthly demand spikes.
monthly_product_leaders,order_month_product,2018-08,Table Lamps,2,product_rank_in_month,2.0,10,10,10,,4,109983.3475,39117.5482,35.5668,8.25,11.1,5.8,16.9,,Identify products that drive or explain monthly demand spikes.
monthly_product_leaders,order_month_product,2018-08,Wine Storage,3,product_rank_in_month,3.0,5,5,5,,4,108185.57,40169.908,37.1306,7.0,17.4,5.4,22.8,,Identify products that drive or explain monthly demand spikes.
monthly_product_leaders,order_month_product,2018-08,Platters,4,product_rank_in_month,4.0,10,8,10,,3,103815.6625,37379.1578,36.0053,11.25,13.3,5.2,18.5,,Identify products that drive or explain monthly demand spikes.
monthly_product_leaders,order_month_product,2018-08,Wall Coverings,5,product_rank_in_month,5.0,8,7,8,,4,97747.64,39314.3633,40.2203,7.8125,15.625,6.0,21.625,,Identify products that drive or explain monthly demand spikes.
monthly_product_leaders,order_month_product,2018-12,TV and video,1,product_rank_in_month,1.0,14,13,14,,4,141794.6125,56061.2863,39.537,11.4286,16.6429,5.8571,22.5,,Identify products that drive or explain monthly demand spikes.
monthly_product_leaders,order_month_product,2018-12,Candleholders,2,product_rank_in_month,2.0,11,10,11,,4,138058.3575,35051.2768,25.3887,10.2273,18.7273,6.0,24.7273,,Identify products that drive or explain monthly demand spikes.
monthly_product_leaders,order_month_product,2018-12,Accessories,3,product_rank_in_month,3.0,10,9,10,,3,127730.6425,46121.8752,36.1087,10.25,15.2,5.5,20.7,,Identify products that drive or explain monthly demand spikes.
monthly_product_leaders,order_month_product,2018-12,Audio,4,product_rank_in_month,4.0,9,9,9,,3,95699.115,29565.1585,30.8939,9.7222,15.8889,4.6667,20.5556,,Identify products that drive or explain monthly demand spikes.
monthly_product_leaders,order_month_product,2018-12,Wall Coverings,5,product_rank_in_month,5.0,9,8,9,,4,95413.695,40539.3663,42.488,9.7222,13.7778,4.5556,18.3333,,Identify products that drive or explain monthly demand spikes.
monthly_product_leaders,order_month_product,2019-02,Rugs,1,product_rank_in_month,1.0,6,4,6,,3,103708.63,31247.427,30.13,10.4167,19.6667,6.3333,26.0,,Identify products that drive or explain monthly demand spikes.
monthly_product_leaders,order_month_product,2019-02,Wine Storage,2,product_rank_in_month,2.0,8,7,8,,4,92810.745,37245.2075,40.1303,9.375,18.25,6.0,24.25,,Identify products that drive or explain monthly demand spikes.
monthly_product_leaders,order_month_product,2019-02,Vanities,3,product_rank_in_month,3.0,9,9,9,,4,89844.99,38440.2655,42.7851,8.6111,14.3333,5.8889,20.2222,,Identify products that drive or explain monthly demand spikes.
monthly_product_leaders,order_month_product,2019-02,Computers,4,product_rank_in_month,4.0,10,9,10,,4,85273.4125,22355.9575,26.2168,11.75,17.3,4.8,22.1,,Identify products that drive or explain monthly demand spikes.
monthly_product_leaders,order_month_product,2019-02,Baseball,5,product_rank_in_month,5.0,10,8,10,,4,82872.4675,25790.3493,31.1205,14.75,17.6,6.2,23.8,,Identify products that drive or explain monthly demand spikes.
monthly_product_leaders,order_month_product,2020-02,Furniture Cushions,1,product_rank_in_month,1.0,10,8,10,,4,154079.9,59508.6795,38.622,7.75,14.4,5.4,19.8,,Identify products that drive or explain monthly demand spikes.
monthly_product_leaders,order_month_product,2020-02,Collectibles,2,product_rank_in_month,2.0,10,10,10,,3,148620.2375,56876.0618,38.2694,9.0,16.5,5.1,21.6,,Identify products that drive or explain monthly demand spikes.
monthly_product_leaders,order_month_product,2020-02,Mirrors,3,product_rank_in_month,3.0,10,9,10,,4,110108.47,41526.873,37.7145,12.25,15.0,5.8,20.8,,Identify products that drive or explain monthly demand spikes.
monthly_product_leaders,order_month_product,2020-02,Stemware,4,product_rank_in_month,4.0,10,9,9,,4,103200.2675,34508.768,33.4386,13.75,14.2,6.2,20.4,,Identify products that drive or explain monthly demand spikes.
monthly_product_leaders,order_month_product,2020-02,Pendants,5,product_rank_in_month,5.0,12,10,12,,4,88729.6075,25701.311,28.9659,21.25,13.5,5.75,19.25,,Identify products that drive or explain monthly demand spikes.
monthly_product_leaders,order_month_product,2019-09,Furniture Cushions,1,product_rank_in_month,1.0,11,10,10,,4,112754.635,33342.0383,29.5704,9.3182,16.4545,5.4545,21.9091,,Identify products that drive or explain monthly demand spikes.
monthly_product_leaders,order_month_product,2019-09,Blankets,2,product_rank_in_month,2.0,9,8,9,,2,104140.78,37300.689,35.8176,11.3889,14.1111,5.3333,19.4444,,Identify products that drive or explain monthly demand spikes.
monthly_product_leaders,order_month_product,2019-09,Table Linens,3,product_rank_in_month,3.0,5,5,5,,3,99674.56,41622.7035,41.7586,20.0,15.4,6.4,21.8,,Identify products that drive or explain monthly demand spikes.
monthly_product_leaders,order_month_product,2019-09,Rugs,4,product_rank_in_month,4.0,9,9,9,,2,99272.225,39991.675,40.2849,9.7222,16.1111,5.7778,21.8889,,Identify products that drive or explain monthly demand spikes.
monthly_product_leaders,order_month_product,2019-09,Baseball,5,product_rank_in_month,5.0,6,6,6,,3,96739.625,36999.451,38.2464,12.0833,13.8333,3.1667,17.0,,Identify products that drive or explain monthly demand spikes.
monthly_product_leaders,order_month_product,2018-07,Accessories,1,product_rank_in_month,1.0,6,6,6,,3,128984.38,57528.708,44.6013,9.1667,14.0,6.1667,20.1667,,Identify products that drive or explain monthly demand spikes.
monthly_product_leaders,order_month_product,2018-07,Dining Furniture,2,product_rank_in_month,2.0,11,11,11,,4,118852.8075,39188.2365,32.9721,10.0,17.0909,5.8182,22.9091,,Identify products that drive or explain monthly demand spikes.
monthly_product_leaders,order_month_product,2018-07,Photo Frames,3,product_rank_in_month,3.0,9,7,9,,4,108897.2775,47180.1415,43.3254,11.1111,13.5556,4.7778,18.3333,,Identify products that drive or explain monthly demand spikes.
monthly_product_leaders,order_month_product,2018-07,Wreaths,4,product_rank_in_month,4.0,9,9,9,,3,103450.68,34830.0685,33.6683,8.6111,17.6667,3.8889,21.5556,,Identify products that drive or explain monthly demand spikes.
monthly_product_leaders,order_month_product,2018-07,Blankets,5,product_rank_in_month,5.0,6,5,6,,4,97255.0225,40199.787,41.3344,10.4167,17.5,6.1667,23.6667,,Identify products that drive or explain monthly demand spikes.
monthly_product_leaders,order_month_product,2019-07,Floral,1,product_rank_in_month,1.0,7,7,7,,3,100532.9975,34355.621,34.1735,11.7857,18.2857,5.2857,23.5714,,Identify products that drive or explain monthly demand spikes.
monthly_product_leaders,order_month_product,2019-07,Collectibles,2,product_rank_in_month,2.0,6,6,6,,3,95205.1575,42028.8698,44.1456,7.9167,14.1667,5.8333,20.0,,Identify products that drive or explain monthly demand spikes.
monthly_product_leaders,order_month_product,2019-07,Bean Bags,3,product_rank_in_month,3.0,10,10,10,,4,90371.1075,39242.8575,43.4241,9.0,15.3,6.1,21.4,,Identify products that drive or explain monthly demand spikes.
monthly_product_leaders,order_month_product,2019-07,Floor Lamps,4,product_rank_in_month,4.0,7,7,7,,2,87516.07,30362.624,34.6938,7.5,14.5714,6.5714,21.1429,,Identify products that drive or explain monthly demand spikes.
monthly_product_leaders,order_month_product,2019-07,Computers,5,product_rank_in_month,5.0,7,7,7,,4,86310.5725,30884.7088,35.7832,8.5714,13.4286,7.1429,20.5714,,Identify products that drive or explain monthly demand spikes.
monthly_discount_timing,order_month_discount_bucket,2018-09,mid_discount,,discount_bucket,,65,38,60,33,4,614869.72,240143.9455,39.0561,12.0769,12.5231,5.6154,18.1385,,Check whether seasonal peaks are supported by discounting or slower fulfillment.
monthly_discount_timing,order_month_discount_bucket,2018-11,low_discount,,discount_bucket,,151,48,125,46,4,1609131.7975,603437.268,37.5008,6.0762,15.9404,5.2517,21.1921,,Check whether seasonal peaks are supported by discounting or slower fulfillment.
monthly_discount_timing,order_month_discount_bucket,2019-01,mid_discount,,discount_bucket,,77,40,69,39,4,594976.08,224451.162,37.7244,11.6883,14.5584,5.6234,20.1818,,Check whether seasonal peaks are supported by discounting or slower fulfillment.
monthly_discount_timing,order_month_discount_bucket,2019-10,mid_discount,,discount_bucket,,64,41,52,36,4,637968.305,232800.339,36.4909,12.0312,15.8438,5.0,20.8438,,Check whether seasonal peaks are supported by discounting or slower fulfillment.
monthly_discount_timing,order_month_discount_bucket,2020-01,low_discount,,discount_bucket,,154,44,126,44,4,1826318.9975,689266.7115,37.7408,6.1364,14.8312,5.1948,20.026,,Check whether seasonal peaks are supported by discounting or slower fulfillment.
monthly_discount_timing,order_month_discount_bucket,2020-02,high_discount,,discount_bucket,,51,30,45,29,4,280141.07,110718.607,39.5224,27.8431,13.0196,4.8824,17.902,,Check whether seasonal peaks are supported by discounting or slower fulfillment.
monthly_discount_timing,order_month_discount_bucket,2020-03,mid_discount,,discount_bucket,,64,34,61,35,4,538722.545,204831.974,38.0218,12.0312,14.875,5.7969,20.6719,,Check whether seasonal peaks are supported by discounting or slower fulfillment.
monthly_discount_timing,order_month_discount_bucket,2020-04,low_discount,,discount_bucket,,137,45,111,46,4,1322474.475,499177.5223,37.7457,6.2774,15.6204,5.4088,21.0292,,Check whether seasonal peaks are supported by discounting or slower fulfillment.
monthly_discount_timing,order_month_discount_bucket,2020-09,high_discount,,discount_bucket,,46,29,43,28,4,362295.13,139397.857,38.4763,27.1739,16.5,5.3043,21.8043,,Check whether seasonal peaks are supported by discounting or slower fulfillment.
monthly_discount_timing,order_month_discount_bucket,2020-10,mid_discount,,discount_bucket,,85,40,76,36,4,717817.9,228120.529,31.7797,12.4118,14.4,6.0588,20.4588,,Check whether seasonal peaks are supported by discounting or slower fulfillment.
monthly_discount_timing,order_month_discount_bucket,2020-12,low_discount,,discount_bucket,,139,48,121,47,4,1372546.59,507320.6668,36.962,6.3669,15.1223,5.2518,20.3741,,Check whether seasonal peaks are supported by discounting or slower fulfillment.
monthly_discount_timing,order_month_discount_bucket,2019-02,high_discount,,discount_bucket,,29,21,27,20,4,174238.19,60591.737,34.7752,28.9655,16.4483,5.0,21.4483,,Check whether seasonal peaks are supported by discounting or slower fulfillment.
monthly_discount_timing,order_month_discount_bucket,2019-03,low_discount,,discount_bucket,,110,43,95,42,4,975307.945,386032.2118,39.5805,6.25,14.8545,5.5818,20.4364,,Check whether seasonal peaks are supported by discounting or slower fulfillment.
monthly_discount_timing,order_month_discount_bucket,2019-04,high_discount,,discount_bucket,,53,36,51,32,4,388720.6,138066.792,35.5183,30.0,14.6226,5.5283,20.1509,,Check whether seasonal peaks are supported by discounting or slower fulfillment.
monthly_discount_timing,order_month_discount_bucket,2018-07,low_discount,,discount_bucket,,145,48,113,42,4,1369205.97,533136.3645,38.9376,6.1724,15.6207,5.6966,21.3172,,Check whether seasonal peaks are supported by discounting or slower fulfillment.
monthly_discount_timing,order_month_discount_bucket,2018-08,high_discount,,discount_bucket,,42,27,38,28,4,372175.62,146117.74,39.2604,27.381,15.0,5.3571,20.3571,,Check whether seasonal peaks are supported by discounting or slower fulfillment.
monthly_discount_timing,order_month_discount_bucket,2018-10,low_discount,,discount_bucket,,117,44,104,42,4,1151838.3725,426585.843,37.0352,6.2179,15.7094,5.5726,21.2821,,Check whether seasonal peaks are supported by discounting or slower fulfillment.
monthly_discount_timing,order_month_discount_bucket,2018-12,mid_discount,,discount_bucket,,81,40,74,36,4,743775.375,266285.102,35.8018,11.9753,15.6173,5.8025,21.4198,,Check whether seasonal peaks are supported by discounting or slower fulfillment.
monthly_discount_timing,order_month_discount_bucket,2019-09,low_discount,,discount_bucket,,126,46,102,44,4,1247523.92,465103.226,37.2821,5.9524,15.5397,4.9841,20.5238,,Check whether seasonal peaks are supported by discounting or slower fulfillment.
monthly_discount_timing,order_month_discount_bucket,2020-06,low_discount,,discount_bucket,,129,46,97,45,4,1271000.5525,476651.2948,37.5021,6.2597,15.8915,5.3876,21.2791,,Check whether seasonal peaks are supported by discounting or slower fulfillment.
monthly_discount_timing,order_month_discount_bucket,2020-07,low_discount,,discount_bucket,,167,50,127,46,4,1799064.905,672867.3545,37.4009,6.1377,15.7365,5.3593,21.0958,,Check whether seasonal peaks are supported by discounting or slower fulfillment.
monthly_discount_timing,order_month_discount_bucket,2020-08,mid_discount,,discount_bucket,,71,40,65,36,4,566893.365,212900.51,37.5557,11.5493,14.831,6.2817,21.1127,,Check whether seasonal peaks are supported by discounting or slower fulfillment.
monthly_discount_timing,order_month_discount_bucket,2020-11,high_discount,,discount_bucket,,58,35,56,36,4,486130.56,170949.588,35.1654,25.6897,15.6034,5.3276,20.931,,Check whether seasonal peaks are supported by discounting or slower fulfillment.
monthly_discount_timing,order_month_discount_bucket,2019-05,high_discount,,discount_bucket,,45,28,44,28,4,359535.4,135405.921,37.6614,27.7778,14.5111,4.9778,19.4889,,Check whether seasonal peaks are supported by discounting or slower fulfillment.
monthly_discount_timing,order_month_discount_bucket,2019-07,high_discount,,discount_bucket,,40,28,39,29,4,319983.29,120469.407,37.6487,27.0,15.35,5.375,20.725,,Check whether seasonal peaks are supported by discounting or slower fulfillment.
monthly_discount_timing,order_month_discount_bucket,2019-08,high_discount,,discount_bucket,,36,26,36,23,4,156320.38,54245.356,34.7014,28.3333,14.3056,6.3056,20.6111,,Check whether seasonal peaks are supported by discounting or slower fulfillment.
monthly_discount_timing,order_month_discount_bucket,2018-05,mid_discount,,discount_bucket,,2,2,2,2,2,17176.12,4723.234,27.4988,12.5,12.0,8.0,20.0,,Check whether seasonal peaks are supported by discounting or slower fulfillment.
monthly_discount_timing,order_month_discount_bucket,2018-06,low_discount,,discount_bucket,,134,45,115,45,4,1283302.7575,487350.9115,37.9763,6.0821,16.6045,5.5149,22.1194,,Check whether seasonal peaks are supported by discounting or slower fulfillment.
monthly_discount_timing,order_month_discount_bucket,2018-09,high_discount,,discount_bucket,,48,32,46,30,4,434634.36,144940.164,33.3476,26.4583,13.6458,5.75,19.3958,,Check whether seasonal peaks are supported by discounting or slower fulfillment.
monthly_discount_timing,order_month_discount_bucket,2019-01,high_discount,,discount_bucket,,50,32,48,27,4,513469.24,193976.526,37.7776,27.8,13.34,5.64,18.98,,Check whether seasonal peaks are supported by discounting or slower fulfillment.
monthly_discount_timing,order_month_discount_bucket,2019-10,high_discount,,discount_bucket,,43,29,40,31,4,386768.89,167418.499,43.2864,28.6047,16.0698,5.7442,21.814,,Check whether seasonal peaks are supported by discounting or slower fulfillment.
monthly_discount_timing,order_month_discount_bucket,2019-11,low_discount,,discount_bucket,,142,48,121,44,4,1597835.095,597238.6913,37.378,6.0563,15.3873,5.5563,20.9437,,Check whether seasonal peaks are supported by discounting or slower fulfillment.
monthly_discount_timing,order_month_discount_bucket,2019-12,low_discount,,discount_bucket,,139,45,121,46,4,1404418.6575,493802.8118,35.1607,6.277,14.4245,5.6187,20.0432,,Check whether seasonal peaks are supported by discounting or slower fulfillment.
monthly_discount_timing,order_month_discount_bucket,2020-02,mid_discount,,discount_bucket,,65,37,63,36,4,573635.575,202403.2305,35.2843,12.0769,14.8154,5.4308,20.2462,,Check whether seasonal peaks are supported by discounting or slower fulfillment.
monthly_discount_timing,order_month_discount_bucket,2020-03,high_discount,,discount_bucket,,44,29,41,27,4,290221.89,110856.593,38.1972,27.2727,17.0909,6.3409,23.4318,,Check whether seasonal peaks are supported by discounting or slower fulfillment.
monthly_discount_timing,order_month_discount_bucket,2020-09,mid_discount,,discount_bucket,,73,37,64,37,4,594638.735,217269.7195,36.5381,11.8493,15.4247,6.2603,21.6849,,Check whether seasonal peaks are supported by discounting or slower fulfillment.
monthly_discount_timing,order_month_discount_bucket,2020-10,high_discount,,discount_bucket,,51,30,45,29,4,409367.32,151579.3,37.0277,28.2353,12.7843,6.0,18.7843,,Check whether seasonal peaks are supported by discounting or slower fulfillment.
monthly_discount_timing,order_month_discount_bucket,2019-02,mid_discount,,discount_bucket,,72,37,62,34,4,592690.375,227762.001,38.4285,12.5,15.5972,5.4861,21.0833,,Check whether seasonal peaks are supported by discounting or slower fulfillment.
monthly_discount_timing,order_month_discount_bucket,2019-04,mid_discount,,discount_bucket,,74,37,69,37,4,635354.635,245960.5165,38.7123,11.8243,14.0135,5.2027,19.2162,,Check whether seasonal peaks are supported by discounting or slower fulfillment.
monthly_discount_timing,order_month_discount_bucket,2018-08,mid_discount,,discount_bucket,,97,44,85,41,4,758950.54,300851.712,39.6405,12.1134,15.4845,6.134,21.6186,,Check whether seasonal peaks are supported by discounting or slower fulfillment.
monthly_discount_timing,order_month_discount_bucket,2018-12,high_discount,,discount_bucket,,49,34,46,34,4,294379.24,105599.149,35.8718,27.3469,15.2041,5.5918,20.7959,,Check whether seasonal peaks are supported by discounting or slower fulfillment.
monthly_discount_timing,order_month_discount_bucket,2020-05,low_discount,,discount_bucket,,139,47,118,45,4,1356815.325,527273.9735,38.8611,6.1871,16.6115,4.7338,21.3453,,Check whether seasonal peaks are supported by discounting or slower fulfillment.
monthly_discount_timing,order_month_discount_bucket,2020-08,high_discount,,discount_bucket,,42,31,38,29,4,360518.96,137839.739,38.2337,28.0952,14.0476,5.3571,19.4048,,Check whether seasonal peaks are supported by discounting or slower fulfillment.
monthly_discount_timing,order_month_discount_bucket,2020-11,mid_discount,,discount_bucket,,72,36,65,37,4,577024.435,204231.294,35.3939,12.6389,16.125,5.625,21.75,,Check whether seasonal peaks are supported by discounting or slower fulfillment.
monthly_discount_timing,order_month_discount_bucket,2019-05,mid_discount,,discount_bucket,,93,43,85,37,4,712113.855,291405.2265,40.9212,11.9892,14.1828,4.4409,18.6237,,Check whether seasonal peaks are supported by discounting or slower fulfillment.
monthly_discount_timing,order_month_discount_bucket,2019-06,low_discount,,discount_bucket,,136,47,117,46,4,1431591.01,499250.482,34.8738,6.1765,15.1618,5.6985,20.8603,,Check whether seasonal peaks are supported by discounting or slower fulfillment.
monthly_discount_timing,order_month_discount_bucket,2019-07,mid_discount,,discount_bucket,,82,40,74,39,4,648366.705,225868.7285,34.8366,12.1951,14.6585,5.7805,20.439,,Check whether seasonal peaks are supported by discounting or slower fulfillment.
monthly_discount_timing,order_month_discount_bucket,2019-08,mid_discount,,discount_bucket,,65,39,58,34,4,627593.69,256716.701,40.9049,12.2308,16.6,5.3077,21.9077,,Check whether seasonal peaks are supported by discounting or slower fulfillment.
monthly_discount_timing,order_month_discount_bucket,2018-07,mid_discount,,discount_bucket,,69,38,61,36,4,608213.27,209143.1265,34.3865,12.2464,15.029,5.7101,20.7391,,Check whether seasonal peaks are supported by discounting or slower fulfillment.
monthly_discount_timing,order_month_discount_bucket,2018-10,mid_discount,,discount_bucket,,77,43,70,39,4,645488.05,243680.667,37.7514,12.4026,14.8052,5.8571,20.6623,,Check whether seasonal peaks are supported by discounting or slower fulfillment.
monthly_discount_timing,order_month_discount_bucket,2018-12,low_discount,,discount_bucket,,167,49,135,46,4,1675279.39,627697.9565,37.4683,6.1677,16.0599,5.6886,21.7485,,Check whether seasonal peaks are supported by discounting or slower fulfillment.
monthly_discount_timing,order_month_discount_bucket,2019-09,mid_discount,,discount_bucket,,76,39,67,35,4,797042.05,296246.8045,37.1683,12.1711,15.4737,5.7763,21.25,,Check whether seasonal peaks are supported by discounting or slower fulfillment.
monthly_discount_timing,order_month_discount_bucket,2020-05,high_discount,,discount_bucket,,44,23,42,29,4,333232.54,131427.779,39.4403,26.5909,16.1818,5.2955,21.4773,,Check whether seasonal peaks are supported by discounting or slower fulfillment.
monthly_discount_timing,order_month_discount_bucket,2020-06,mid_discount,,discount_bucket,,72,38,62,41,4,588771.21,216521.6935,36.7752,12.2222,16.4722,5.9861,22.4583,,Check whether seasonal peaks are supported by discounting or slower fulfillment.
monthly_discount_timing,order_month_discount_bucket,2020-07,mid_discount,,discount_bucket,,79,41,73,37,4,693402.765,261891.916,37.7691,11.962,16.481,5.3924,21.8734,,Check whether seasonal peaks are supported by discounting or slower fulfillment.
monthly_discount_timing,order_month_discount_bucket,2020-08,low_discount,,discount_bucket,,138,44,115,45,4,1262348.005,478995.0688,37.9448,6.1413,15.6449,5.9855,21.6304,,Check whether seasonal peaks are supported by discounting or slower fulfillment.
monthly_discount_timing,order_month_discount_bucket,2019-06,high_discount,,discount_bucket,,45,30,43,26,4,357563.59,147928.789,41.3713,27.5556,13.3111,4.7111,18.0222,,Check whether seasonal peaks are supported by discounting or slower fulfillment.
monthly_discount_timing,order_month_discount_bucket,2018-06,high_discount,,discount_bucket,,48,31,47,35,4,319492.18,113674.779,35.5798,27.7083,13.4375,4.875,18.3125,,Check whether seasonal peaks are supported by discounting or slower fulfillment.
monthly_discount_timing,order_month_discount_bucket,2018-09,low_discount,,discount_bucket,,141,47,111,46,4,1406236.7025,531523.0458,37.7976,6.0284,15.4468,5.5248,20.9716,,Check whether seasonal peaks are supported by discounting or slower fulfillment.
monthly_discount_timing,order_month_discount_bucket,2018-11,mid_discount,,discount_bucket,,69,36,63,36,4,768564.035,243101.3875,31.6306,11.6667,15.9855,4.8406,20.8261,,Check whether seasonal peaks are supported by discounting or slower fulfillment.
monthly_discount_timing,order_month_discount_bucket,2019-01,low_discount,,discount_bucket,,166,50,136,47,4,1604375.3,585403.3712,36.4879,6.1898,15.9096,5.4458,21.3554,,Check whether seasonal peaks are supported by discounting or slower fulfillment.
monthly_discount_timing,order_month_discount_bucket,2019-10,low_discount,,discount_bucket,,128,49,104,44,4,1158987.9425,440187.9513,37.9804,6.2305,16.1875,5.8828,22.0703,,Check whether seasonal peaks are supported by discounting or slower fulfillment.
monthly_discount_timing,order_month_discount_bucket,2019-11,high_discount,,discount_bucket,,46,32,45,28,4,367955.96,137774.036,37.4431,27.8261,15.6739,6.0217,21.6957,,Check whether seasonal peaks are supported by discounting or slower fulfillment.
monthly_discount_timing,order_month_discount_bucket,2019-12,high_discount,,discount_bucket,,38,26,35,28,4,332291.19,131374.071,39.5358,28.6842,13.1053,4.9211,18.0263,,Check whether seasonal peaks are supported by discounting or slower fulfillment.
monthly_discount_timing,order_month_discount_bucket,2020-01,mid_discount,,discount_bucket,,85,42,76,39,4,738772.82,272983.6465,36.951,11.8235,14.4235,5.4353,19.8588,,Check whether seasonal peaks are supported by discounting or slower fulfillment.
monthly_discount_timing,order_month_discount_bucket,2020-03,low_discount,,discount_bucket,,128,47,112,40,4,1221131.615,440624.5285,36.0833,6.0742,15.7031,5.3984,21.1016,,Check whether seasonal peaks are supported by discounting or slower fulfillment.
monthly_discount_timing,order_month_discount_bucket,2020-04,mid_discount,,discount_bucket,,78,39,69,37,4,598593.41,234912.1315,39.244,11.7308,15.0513,5.0385,20.0897,,Check whether seasonal peaks are supported by discounting or slower fulfillment.
monthly_discount_timing,order_month_discount_bucket,2020-10,low_discount,,discount_bucket,,146,44,125,41,4,1291568.715,476530.1408,36.8955,6.1986,13.726,5.4041,19.1301,,Check whether seasonal peaks are supported by discounting or slower fulfillment.
monthly_discount_timing,order_month_discount_bucket,2020-12,mid_discount,,discount_bucket,,63,35,50,35,4,477846.68,162918.007,34.0942,11.8254,15.873,5.8571,21.7302,,Check whether seasonal peaks are supported by discounting or slower fulfillment.
monthly_discount_timing,order_month_discount_bucket,2019-03,mid_discount,,discount_bucket,,75,39,65,38,4,689000.195,260459.142,37.8025,12.0667,14.3333,5.72,20.0533,,Check whether seasonal peaks are supported by discounting or slower fulfillment.
monthly_discount_timing,order_month_discount_bucket,2018-07,high_discount,,discount_bucket,,47,30,47,36,4,419331.56,153834.207,36.6856,25.7447,17.4043,4.6809,22.0851,,Check whether seasonal peaks are supported by discounting or slower fulfillment.
monthly_discount_timing,order_month_discount_bucket,2018-08,low_discount,,discount_bucket,,140,48,115,44,4,1432227.6775,497107.2495,34.7087,6.2143,14.9071,5.45,20.3571,,Check whether seasonal peaks are supported by discounting or slower fulfillment.
monthly_discount_timing,order_month_discount_bucket,2018-10,high_discount,,discount_bucket,,34,23,31,26,4,264687.52,99210.135,37.482,25.2941,13.9118,5.2059,19.1176,,Check whether seasonal peaks are supported by discounting or slower fulfillment.
monthly_discount_timing,order_month_discount_bucket,2019-09,high_discount,,discount_bucket,,35,27,34,25,4,261304.02,100991.719,38.6491,27.4286,13.1429,5.1429,18.2857,,Check whether seasonal peaks are supported by discounting or slower fulfillment.
monthly_discount_timing,order_month_discount_bucket,2020-05,mid_discount,,discount_bucket,,80,39,71,42,4,774298.23,295521.622,38.1664,12.3125,15.125,5.575,20.7,,Check whether seasonal peaks are supported by discounting or slower fulfillment.
monthly_discount_timing,order_month_discount_bucket,2020-06,high_discount,,discount_bucket,,44,32,43,27,4,234216.59,103439.301,44.164,28.4091,16.7955,5.5455,22.3409,,Check whether seasonal peaks are supported by discounting or slower fulfillment.
monthly_discount_timing,order_month_discount_bucket,2020-07,high_discount,,discount_bucket,,35,22,32,25,4,282547.04,91264.417,32.3006,29.4286,14.8,5.1143,19.9143,,Check whether seasonal peaks are supported by discounting or slower fulfillment.
monthly_discount_timing,order_month_discount_bucket,2020-11,low_discount,,discount_bucket,,132,46,117,43,4,1236446.6425,483313.415,39.0889,6.0417,14.303,5.6591,19.9621,,Check whether seasonal peaks are supported by discounting or slower fulfillment.
monthly_discount_timing,order_month_discount_bucket,2019-05,low_discount,,discount_bucket,,141,47,119,45,4,1387508.36,509258.7973,36.7031,5.922,14.5248,5.1348,19.6596,,Check whether seasonal peaks are supported by discounting or slower fulfillment.
monthly_discount_timing,order_month_discount_bucket,2019-06,mid_discount,,discount_bucket,,62,34,59,35,4,504372.985,183583.8425,36.3984,11.7742,15.2581,5.3226,20.5806,,Check whether seasonal peaks are supported by discounting or slower fulfillment.
monthly_discount_timing,order_month_discount_bucket,2019-07,low_discount,,discount_bucket,,131,50,109,46,4,1043420.815,414899.1765,39.7634,6.1641,14.3893,5.2901,19.6794,,Check whether seasonal peaks are supported by discounting or slower fulfillment.
monthly_discount_timing,order_month_discount_bucket,2019-08,low_discount,,discount_bucket,,160,48,127,47,4,1617303.955,599203.7565,37.0495,6.2188,13.9563,5.65,19.6063,,Check whether seasonal peaks are supported by discounting or slower fulfillment.
monthly_discount_timing,order_month_discount_bucket,2018-05,low_discount,,discount_bucket,,6,6,6,6,4,52460.1625,17590.496,33.5312,6.25,15.5,6.6667,22.1667,,Check whether seasonal peaks are supported by discounting or slower fulfillment.
monthly_discount_timing,order_month_discount_bucket,2018-06,mid_discount,,discount_bucket,,70,36,64,39,4,577414.71,203202.2705,35.1917,12.0714,14.6143,5.4,20.0143,,Check whether seasonal peaks are supported by discounting or slower fulfillment.
monthly_discount_timing,order_month_discount_bucket,2018-11,high_discount,,discount_bucket,,37,26,35,30,4,283797.93,123561.175,43.5384,29.4595,14.8919,5.8378,20.7297,,Check whether seasonal peaks are supported by discounting or slower fulfillment.
monthly_discount_timing,order_month_discount_bucket,2019-11,mid_discount,,discount_bucket,,74,38,67,36,4,736665.335,276625.7545,37.5511,12.5,14.8514,5.4865,20.3378,,Check whether seasonal peaks are supported by discounting or slower fulfillment.
monthly_discount_timing,order_month_discount_bucket,2019-12,mid_discount,,discount_bucket,,74,43,61,39,4,678530.44,258676.626,38.1231,12.4324,15.1081,5.6486,20.7568,,Check whether seasonal peaks are supported by discounting or slower fulfillment.
monthly_discount_timing,order_month_discount_bucket,2020-01,high_discount,,discount_bucket,,37,27,35,26,4,245918.81,84278.317,34.2708,25.9459,13.4865,5.6486,19.1351,,Check whether seasonal peaks are supported by discounting or slower fulfillment.
monthly_discount_timing,order_month_discount_bucket,2020-02,low_discount,,discount_bucket,,154,50,121,45,4,1612737.235,606617.7933,37.6142,6.1039,14.6039,5.4545,20.0584,,Check whether seasonal peaks are supported by discounting or slower fulfillment.
monthly_discount_timing,order_month_discount_bucket,2020-04,high_discount,,discount_bucket,,47,28,41,30,4,290445.67,97098.209,33.4308,26.383,13.9787,6.1915,20.1702,,Check whether seasonal peaks are supported by discounting or slower fulfillment.
monthly_discount_timing,order_month_discount_bucket,2020-09,low_discount,,discount_bucket,,135,46,114,40,4,1137854.1325,428201.8935,37.6324,6.2037,15.3037,5.7037,21.0074,,Check whether seasonal peaks are supported by discounting or slower fulfillment.
monthly_discount_timing,order_month_discount_bucket,2020-12,high_discount,,discount_bucket,,41,29,38,31,4,460690.66,180461.928,39.172,27.8049,16.1463,5.439,21.5854,,Check whether seasonal peaks are supported by discounting or slower fulfillment.
monthly_discount_timing,order_month_discount_bucket,2019-02,low_discount,,discount_bucket,,131,49,112,45,4,1173302.8275,454628.0275,38.7477,6.0305,14.916,5.458,20.374,,Check whether seasonal peaks are supported by discounting or slower fulfillment.
monthly_discount_timing,order_month_discount_bucket,2019-03,high_discount,,discount_bucket,,28,23,28,22,4,272084.99,94099.26,34.5845,28.5714,13.3214,5.7857,19.1071,,Check whether seasonal peaks are supported by discounting or slower fulfillment.
monthly_discount_timing,order_month_discount_bucket,2019-04,low_discount,,discount_bucket,,144,45,113,43,4,1467809.3675,550324.6445,37.4929,6.1458,16.7431,5.9028,22.6458,,Check whether seasonal peaks are supported by discounting or slower fulfillment.
