evidence_block,grain,item,item_2,item_3,rank_label,rank_value,inspections,establishments,violations,critical_violations,serious_violations,minor_violations,total_fine,pass_count,conditional_count,fail_count,issue_rate_pct,avg_violations_per_inspection,avg_fine_per_inspection,notes
annual_result_trend,year,2016,,,inspection_volume_rank,1.0,22740,13353,82206,5768,12793,63645,10212800.0,12889,2631,4281,30.3958,3.615,449.1117,Establish whether inspection weakness changes over calendar years.
annual_result_trend,year,2014,,,inspection_volume_rank,2.0,21479,13291,76881,4946,9481,62454,9408750.0,12561,2306,3702,27.9715,3.5794,438.0441,Establish whether inspection weakness changes over calendar years.
annual_result_trend,year,2013,,,inspection_volume_rank,3.0,20900,14314,69866,3951,8973,56942,8293350.0,11940,1751,3337,24.3445,3.3429,396.811,Establish whether inspection weakness changes over calendar years.
annual_result_trend,year,2015,,,inspection_volume_rank,4.0,20852,13527,75414,4917,9713,60784,9130600.0,12093,2148,3595,27.5417,3.6166,437.8765,Establish whether inspection weakness changes over calendar years.
annual_result_trend,year,2012,,,inspection_volume_rank,5.0,18732,12778,68038,4101,8536,55401,8059500.0,10768,1526,3610,27.4183,3.6322,430.253,Establish whether inspection weakness changes over calendar years.
annual_result_trend,year,2011,,,inspection_volume_rank,6.0,18640,11357,75791,4457,8918,62416,8462050.0,11649,1509,4335,31.3519,4.066,453.9726,Establish whether inspection weakness changes over calendar years.
annual_result_trend,year,2010,,,inspection_volume_rank,7.0,17956,11140,68085,4689,7894,55502,7770450.0,11387,1420,4468,32.7913,3.7918,432.7495,Establish whether inspection weakness changes over calendar years.
annual_result_trend,year,2017,,,inspection_volume_rank,8.0,2393,1876,8995,605,1310,7080,1128600.0,1396,269,481,31.3414,3.7589,471.6256,Establish whether inspection weakness changes over calendar years.
quarter_seasonality_profile,year_quarter,2010,Q3,,quarter_volume_rank_within_year,1.0,4758,3571,18853,1370,2347,15136,2192000.0,2857,386,1195,33.2282,3.9624,460.6978,Check whether seasonal volume and weak outcomes move together.
quarter_seasonality_profile,year_quarter,2010,Q2,,quarter_volume_rank_within_year,2.0,4692,3521,17849,1277,2007,14565,2035050.0,3081,371,1228,34.0793,3.8041,433.7276,Check whether seasonal volume and weak outcomes move together.
quarter_seasonality_profile,year_quarter,2010,Q4,,quarter_volume_rank_within_year,3.0,4370,3298,16311,1099,1899,13313,1840250.0,2647,347,1030,31.5103,3.7325,421.1098,Check whether seasonal volume and weak outcomes move together.
quarter_seasonality_profile,year_quarter,2010,Q1,,quarter_volume_rank_within_year,4.0,4136,3135,15072,943,1641,12488,1703150.0,2802,316,1015,32.1809,3.6441,411.7868,Check whether seasonal volume and weak outcomes move together.
quarter_seasonality_profile,year_quarter,2011,Q2,,quarter_volume_rank_within_year,1.0,5035,3799,20466,1202,2241,17023,2302150.0,3183,404,1121,30.288,4.0647,457.2294,Check whether seasonal volume and weak outcomes move together.
quarter_seasonality_profile,year_quarter,2011,Q3,,quarter_volume_rank_within_year,2.0,4574,3313,19147,1360,2377,15410,2194200.0,2741,377,1202,34.5212,4.1861,479.7114,Check whether seasonal volume and weak outcomes move together.
quarter_seasonality_profile,year_quarter,2011,Q4,,quarter_volume_rank_within_year,3.0,4572,3394,18233,943,2456,14834,1951300.0,2834,329,1100,31.2555,3.988,426.7935,Check whether seasonal volume and weak outcomes move together.
quarter_seasonality_profile,year_quarter,2011,Q1,,quarter_volume_rank_within_year,4.0,4459,3369,17945,952,1844,15149,2014400.0,2891,399,912,29.4012,4.0244,451.7605,Check whether seasonal volume and weak outcomes move together.
quarter_seasonality_profile,year_quarter,2017,Q1,,quarter_volume_rank_within_year,1.0,2393,1876,8995,605,1310,7080,1128600.0,1396,269,481,31.3414,3.7589,471.6256,Check whether seasonal volume and weak outcomes move together.
quarter_seasonality_profile,year_quarter,2013,Q3,,quarter_volume_rank_within_year,1.0,5502,4283,18576,1248,2508,14820,2292700.0,2958,461,941,25.4816,3.3762,416.703,Check whether seasonal volume and weak outcomes move together.
quarter_seasonality_profile,year_quarter,2013,Q2,,quarter_volume_rank_within_year,2.0,5333,4275,19048,1112,2336,15600,2258500.0,3170,497,887,25.9516,3.5717,423.4952,Check whether seasonal volume and weak outcomes move together.
quarter_seasonality_profile,year_quarter,2013,Q4,,quarter_volume_rank_within_year,3.0,5303,4227,15106,833,2066,12207,1790650.0,2882,402,722,21.1955,2.8486,337.6674,Check whether seasonal volume and weak outcomes move together.
quarter_seasonality_profile,year_quarter,2013,Q1,,quarter_volume_rank_within_year,4.0,4762,3848,17136,758,2063,14315,1951500.0,2930,391,787,24.7375,3.5985,409.8068,Check whether seasonal volume and weak outcomes move together.
quarter_seasonality_profile,year_quarter,2012,Q3,,quarter_volume_rank_within_year,1.0,4922,3783,18261,1223,2473,14565,2207200.0,2647,420,993,28.7078,3.7101,448.4356,Check whether seasonal volume and weak outcomes move together.
quarter_seasonality_profile,year_quarter,2012,Q2,,quarter_volume_rank_within_year,2.0,4919,3881,17568,1074,2193,14301,2092900.0,2943,368,983,27.4649,3.5715,425.4727,Check whether seasonal volume and weak outcomes move together.
quarter_seasonality_profile,year_quarter,2012,Q4,,quarter_volume_rank_within_year,3.0,4612,3641,15789,885,2052,12852,1828350.0,2630,371,778,24.9133,3.4235,396.4332,Check whether seasonal volume and weak outcomes move together.
quarter_seasonality_profile,year_quarter,2012,Q1,,quarter_volume_rank_within_year,4.0,4279,3376,16420,919,1818,13683,1931050.0,2548,367,856,28.5814,3.8373,451.2853,Check whether seasonal volume and weak outcomes move together.
quarter_seasonality_profile,year_quarter,2016,Q2,,quarter_volume_rank_within_year,1.0,6201,4646,23419,1754,3508,18157,2941900.0,3526,708,1182,30.479,3.7766,474.4235,Check whether seasonal volume and weak outcomes move together.
quarter_seasonality_profile,year_quarter,2016,Q3,,quarter_volume_rank_within_year,2.0,6046,4442,21309,1565,3434,16310,2674200.0,3270,706,1158,30.8303,3.5245,442.309,Check whether seasonal volume and weak outcomes move together.
quarter_seasonality_profile,year_quarter,2016,Q4,,quarter_volume_rank_within_year,3.0,5340,4055,17440,1056,2927,13457,2097150.0,3151,518,936,27.2285,3.2659,392.7247,Check whether seasonal volume and weak outcomes move together.
quarter_seasonality_profile,year_quarter,2016,Q1,,quarter_volume_rank_within_year,4.0,5153,3903,20038,1393,2924,15721,2499550.0,2942,699,1005,33.0681,3.8886,485.067,Check whether seasonal volume and weak outcomes move together.
quarter_seasonality_profile,year_quarter,2014,Q3,,quarter_volume_rank_within_year,1.0,5889,4456,21272,1497,2846,16929,2672850.0,3234,689,1099,30.3617,3.6122,453.8716,Check whether seasonal volume and weak outcomes move together.
quarter_seasonality_profile,year_quarter,2014,Q2,,quarter_volume_rank_within_year,2.0,5624,4389,21389,1491,2489,17409,2636750.0,3327,681,984,29.6053,3.8032,468.8389,Check whether seasonal volume and weak outcomes move together.
quarter_seasonality_profile,year_quarter,2014,Q4,,quarter_volume_rank_within_year,3.0,5529,4472,17453,901,2266,14286,2023550.0,3278,435,870,23.6028,3.1566,365.9884,Check whether seasonal volume and weak outcomes move together.
quarter_seasonality_profile,year_quarter,2014,Q1,,quarter_volume_rank_within_year,4.0,4437,3536,16767,1057,1880,13830,2075600.0,2722,501,749,28.1722,3.7789,467.7936,Check whether seasonal volume and weak outcomes move together.
quarter_seasonality_profile,year_quarter,2015,Q3,,quarter_volume_rank_within_year,1.0,5573,4203,19942,1450,2538,15954,2471900.0,3133,559,950,27.077,3.5783,443.5493,Check whether seasonal volume and weak outcomes move together.
quarter_seasonality_profile,year_quarter,2015,Q4,,quarter_volume_rank_within_year,2.0,5549,4321,18146,1050,2638,14458,2135850.0,3186,504,873,24.8153,3.2701,384.9072,Check whether seasonal volume and weak outcomes move together.
quarter_seasonality_profile,year_quarter,2015,Q2,,quarter_volume_rank_within_year,3.0,5040,3888,19268,1305,2386,15577,2354050.0,3038,544,877,28.1944,3.823,467.0734,Check whether seasonal volume and weak outcomes move together.
quarter_seasonality_profile,year_quarter,2015,Q1,,quarter_volume_rank_within_year,4.0,4690,3659,18058,1112,2151,14795,2168800.0,2736,541,895,30.6183,3.8503,462.4307,Check whether seasonal volume and weak outcomes move together.
year_facility_type_shift,year_facility_type,2010,Restaurant,,facility_volume_rank_within_year,1.0,10742,6403,44387,3306,4996,36085,5204850.0,6928,1098,2530,33.774,4.1321,484.5327,Separate time movement from facility-type mix changes.
year_facility_type_shift,year_facility_type,2010,Grocery Store,,facility_volume_rank_within_year,2.0,2573,1514,10644,705,1442,8497,1153850.0,1563,162,793,37.1162,4.1368,448.4454,Separate time movement from facility-type mix changes.
year_facility_type_shift,year_facility_type,2010,School,,facility_volume_rank_within_year,3.0,1333,862,4912,135,401,4376,524050.0,1083,62,186,18.6047,3.6849,393.1358,Separate time movement from facility-type mix changes.
year_facility_type_shift,year_facility_type,2010,unknown,,facility_volume_rank_within_year,4.0,809,789,36,5,7,24,4400.0,157,2,232,28.9246,0.0445,5.4388,Separate time movement from facility-type mix changes.
year_facility_type_shift,year_facility_type,2010,Daycare (2 - 6 Years),,facility_volume_rank_within_year,5.0,469,268,1473,60,188,1225,146100.0,323,10,134,30.7036,3.1407,311.5139,Separate time movement from facility-type mix changes.
year_facility_type_shift,year_facility_type,2010,Daycare Above and Under 2 Years,,facility_volume_rank_within_year,6.0,235,161,712,47,81,584,73150.0,177,4,53,24.2553,3.0298,311.2766,Separate time movement from facility-type mix changes.
year_facility_type_shift,year_facility_type,2010,Bakery,,facility_volume_rank_within_year,7.0,224,148,982,61,106,815,104150.0,153,7,62,30.8036,4.3839,464.9554,Separate time movement from facility-type mix changes.
year_facility_type_shift,year_facility_type,2010,Wholesale,,facility_volume_rank_within_year,8.0,160,99,546,31,86,429,56100.0,94,2,63,40.625,3.4125,350.625,Separate time movement from facility-type mix changes.
year_facility_type_shift,year_facility_type,2010,Mobile Food Dispenser,,facility_volume_rank_within_year,9.0,155,117,64,24,0,40,11700.0,105,0,49,31.6129,0.4129,75.4839,Separate time movement from facility-type mix changes.
year_facility_type_shift,year_facility_type,2010,Long Term Care,,facility_volume_rank_within_year,10.0,150,90,681,43,53,585,77300.0,99,20,31,34.0,4.54,515.3333,Separate time movement from facility-type mix changes.
year_facility_type_shift,year_facility_type,2011,Restaurant,,facility_volume_rank_within_year,1.0,11305,6615,48148,2911,5414,39823,5416050.0,7223,1154,2505,32.3662,4.259,479.0845,Separate time movement from facility-type mix changes.
year_facility_type_shift,year_facility_type,2011,Grocery Store,,facility_volume_rank_within_year,2.0,2886,1636,13545,807,1862,10876,1490150.0,1692,180,914,37.9071,4.6933,516.3375,Separate time movement from facility-type mix changes.
year_facility_type_shift,year_facility_type,2011,School,,facility_volume_rank_within_year,3.0,1392,900,5403,136,524,4743,587650.0,1073,59,235,21.1207,3.8815,422.1624,Separate time movement from facility-type mix changes.
year_facility_type_shift,year_facility_type,2011,unknown,,facility_volume_rank_within_year,4.0,586,563,80,13,13,54,12000.0,17,3,46,8.3618,0.1365,20.4778,Separate time movement from facility-type mix changes.
year_facility_type_shift,year_facility_type,2011,Daycare (2 - 6 Years),,facility_volume_rank_within_year,5.0,406,269,1364,44,170,1150,144700.0,292,14,87,24.8768,3.3596,356.4039,Separate time movement from facility-type mix changes.
year_facility_type_shift,year_facility_type,2011,Bakery,,facility_volume_rank_within_year,6.0,296,201,1408,75,155,1178,150400.0,201,19,68,29.3919,4.7568,508.1081,Separate time movement from facility-type mix changes.
year_facility_type_shift,year_facility_type,2011,Daycare Above and Under 2 Years,,facility_volume_rank_within_year,7.0,228,168,740,30,67,643,79950.0,175,14,35,21.4912,3.2456,350.6579,Separate time movement from facility-type mix changes.
year_facility_type_shift,year_facility_type,2011,Daycare Combo 1586,,facility_volume_rank_within_year,8.0,178,103,729,60,136,533,81350.0,105,9,55,35.9551,4.0955,457.0225,Separate time movement from facility-type mix changes.
year_facility_type_shift,year_facility_type,2011,Mobile Food Dispenser,,facility_volume_rank_within_year,9.0,174,106,284,128,14,142,48750.0,95,0,77,44.2529,1.6322,280.1724,Separate time movement from facility-type mix changes.
year_facility_type_shift,year_facility_type,2011,Children's Services Facility,,facility_volume_rank_within_year,10.0,159,96,516,35,66,415,57000.0,121,5,30,22.0126,3.2453,358.4906,Separate time movement from facility-type mix changes.
year_facility_type_shift,year_facility_type,2017,Restaurant,,facility_volume_rank_within_year,1.0,1726,1359,6587,435,897,5255,822450.0,988,220,325,31.5759,3.8163,476.5064,Separate time movement from facility-type mix changes.
year_facility_type_shift,year_facility_type,2017,School,,facility_volume_rank_within_year,2.0,239,190,821,44,143,634,102600.0,160,21,54,31.3808,3.4351,429.2887,Separate time movement from facility-type mix changes.
year_facility_type_shift,year_facility_type,2017,Grocery Store,,facility_volume_rank_within_year,3.0,198,150,865,50,140,675,109500.0,109,18,50,34.3434,4.3687,553.0303,Separate time movement from facility-type mix changes.
year_facility_type_shift,year_facility_type,2017,Children's Services Facility,,facility_volume_rank_within_year,4.0,46,32,152,24,30,98,22200.0,25,4,12,34.7826,3.3043,482.6087,Separate time movement from facility-type mix changes.
year_facility_type_shift,year_facility_type,2017,Bakery,,facility_volume_rank_within_year,5.0,21,17,93,4,13,76,9200.0,12,2,5,33.3333,4.4286,438.0952,Separate time movement from facility-type mix changes.
year_facility_type_shift,year_facility_type,2017,Long Term Care,,facility_volume_rank_within_year,6.0,20,14,107,2,25,80,11050.0,11,2,6,40.0,5.35,552.5,Separate time movement from facility-type mix changes.
year_facility_type_shift,year_facility_type,2017,Daycare (2 - 6 Years),,facility_volume_rank_within_year,7.0,16,16,27,0,0,27,2700.0,16,0,0,0.0,1.6875,168.75,Separate time movement from facility-type mix changes.
year_facility_type_shift,year_facility_type,2017,Mobile Prepared Food Vendor,,facility_volume_rank_within_year,8.0,15,15,15,0,0,15,1500.0,15,0,0,0.0,1.0,100.0,Separate time movement from facility-type mix changes.
year_facility_type_shift,year_facility_type,2017,Mobile Food Dispenser,,facility_volume_rank_within_year,9.0,12,7,22,9,4,9,5900.0,6,0,6,50.0,1.8333,491.6667,Separate time movement from facility-type mix changes.
year_facility_type_shift,year_facility_type,2017,Mobile Food Preparer,,facility_volume_rank_within_year,10.0,12,7,36,8,10,18,4900.0,5,0,4,33.3333,3.0,408.3333,Separate time movement from facility-type mix changes.
year_facility_type_shift,year_facility_type,2013,Restaurant,,facility_volume_rank_within_year,1.0,13944,9130,48781,2768,5990,40023,5819950.0,8203,1356,2173,25.3084,3.4984,417.3802,Separate time movement from facility-type mix changes.
year_facility_type_shift,year_facility_type,2013,Grocery Store,,facility_volume_rank_within_year,2.0,2972,2000,11315,697,1679,8939,1343500.0,1690,249,613,29.004,3.8072,452.0525,Separate time movement from facility-type mix changes.
year_facility_type_shift,year_facility_type,2013,School,,facility_volume_rank_within_year,3.0,1218,939,4127,115,481,3531,450350.0,904,47,191,19.5402,3.3883,369.7455,Separate time movement from facility-type mix changes.
year_facility_type_shift,year_facility_type,2013,unknown,,facility_volume_rank_within_year,4.0,859,851,39,4,3,32,5200.0,9,3,5,0.9313,0.0454,6.0536,Separate time movement from facility-type mix changes.
year_facility_type_shift,year_facility_type,2013,Bakery,,facility_volume_rank_within_year,5.0,294,227,1064,32,109,923,112700.0,177,16,47,21.4286,3.619,383.3333,Separate time movement from facility-type mix changes.
year_facility_type_shift,year_facility_type,2013,Daycare (2 - 6 Years),,facility_volume_rank_within_year,6.0,212,163,554,24,90,440,64100.0,138,4,38,19.8113,2.6132,302.3585,Separate time movement from facility-type mix changes.
year_facility_type_shift,year_facility_type,2013,Daycare Above and Under 2 Years,,facility_volume_rank_within_year,7.0,153,119,478,28,74,376,58400.0,105,2,27,18.9542,3.1242,381.6993,Separate time movement from facility-type mix changes.
year_facility_type_shift,year_facility_type,2013,Children's Services Facility,,facility_volume_rank_within_year,8.0,133,112,400,22,37,341,44750.0,109,3,18,15.7895,3.0075,336.4662,Separate time movement from facility-type mix changes.
year_facility_type_shift,year_facility_type,2013,Catering,,facility_volume_rank_within_year,9.0,126,98,314,13,36,265,36100.0,66,4,15,15.0794,2.4921,286.5079,Separate time movement from facility-type mix changes.
year_facility_type_shift,year_facility_type,2013,Daycare Combo 1586,,facility_volume_rank_within_year,10.0,104,76,290,20,49,221,35700.0,59,2,22,23.0769,2.7885,343.2692,Separate time movement from facility-type mix changes.
year_facility_type_shift,year_facility_type,2012,Restaurant,,facility_volume_rank_within_year,1.0,11306,7376,44357,2731,5222,36404,5292200.0,6817,1149,2147,29.1527,3.9233,468.0877,Separate time movement from facility-type mix changes.
year_facility_type_shift,year_facility_type,2012,Grocery Store,,facility_volume_rank_within_year,2.0,2704,1682,11573,674,1718,9181,1366250.0,1535,215,718,34.5044,4.28,505.27,Separate time movement from facility-type mix changes.
year_facility_type_shift,year_facility_type,2012,School,,facility_volume_rank_within_year,3.0,1194,853,4488,176,524,3788,501500.0,868,44,246,24.2881,3.7588,420.0168,Separate time movement from facility-type mix changes.
year_facility_type_shift,year_facility_type,2012,unknown,,facility_volume_rank_within_year,4.0,1184,1175,33,1,6,26,4500.0,24,3,16,1.6047,0.0279,3.8007,Separate time movement from facility-type mix changes.
year_facility_type_shift,year_facility_type,2012,Daycare (2 - 6 Years),,facility_volume_rank_within_year,5.0,387,269,1274,71,166,1037,139000.0,241,10,84,24.2894,3.292,359.1731,Separate time movement from facility-type mix changes.
year_facility_type_shift,year_facility_type,2012,Bakery,,facility_volume_rank_within_year,6.0,262,183,1062,60,142,860,118850.0,155,12,60,27.4809,4.0534,453.626,Separate time movement from facility-type mix changes.
year_facility_type_shift,year_facility_type,2012,Daycare Above and Under 2 Years,,facility_volume_rank_within_year,7.0,247,186,870,59,98,713,107150.0,185,14,43,23.0769,3.5223,433.8057,Separate time movement from facility-type mix changes.
year_facility_type_shift,year_facility_type,2012,Children's Services Facility,,facility_volume_rank_within_year,8.0,165,122,597,29,61,507,67150.0,129,10,24,20.6061,3.6182,406.9697,Separate time movement from facility-type mix changes.
year_facility_type_shift,year_facility_type,2012,Mobile Food Dispenser,,facility_volume_rank_within_year,9.0,153,123,132,44,27,61,22900.0,105,1,31,20.915,0.8627,149.6732,Separate time movement from facility-type mix changes.
year_facility_type_shift,year_facility_type,2012,Daycare Combo 1586,,facility_volume_rank_within_year,10.0,141,95,474,40,86,348,60900.0,76,9,38,33.3333,3.3617,431.9149,Separate time movement from facility-type mix changes.
year_facility_type_shift,year_facility_type,2016,Restaurant,,facility_volume_rank_within_year,1.0,16156,8945,60660,4314,9033,47313,7552800.0,9016,2081,2958,31.1897,3.7546,467.492,Separate time movement from facility-type mix changes.
year_facility_type_shift,year_facility_type,2016,Grocery Store,,facility_volume_rank_within_year,2.0,2624,1602,10091,772,1642,7677,1270800.0,1423,272,559,31.6692,3.8457,484.2988,Separate time movement from facility-type mix changes.
year_facility_type_shift,year_facility_type,2016,School,,facility_volume_rank_within_year,3.0,1223,878,3855,191,813,2851,480000.0,802,93,296,31.807,3.1521,392.4775,Separate time movement from facility-type mix changes.
year_facility_type_shift,year_facility_type,2016,Bakery,,facility_volume_rank_within_year,4.0,354,230,1449,53,251,1145,161900.0,203,33,79,31.6384,4.0932,457.3446,Separate time movement from facility-type mix changes.
year_facility_type_shift,year_facility_type,2016,Children's Services Facility,,facility_volume_rank_within_year,5.0,347,257,786,64,157,565,97150.0,240,18,57,21.6138,2.2651,279.9712,Separate time movement from facility-type mix changes.
year_facility_type_shift,year_facility_type,2016,Daycare (2 - 6 Years),,facility_volume_rank_within_year,6.0,300,228,685,28,96,561,76200.0,210,6,43,16.3333,2.2833,254.0,Separate time movement from facility-type mix changes.
year_facility_type_shift,year_facility_type,2016,Daycare Above and Under 2 Years,,facility_volume_rank_within_year,7.0,268,209,792,42,132,618,94100.0,186,18,45,23.5075,2.9552,351.1194,Separate time movement from facility-type mix changes.
year_facility_type_shift,year_facility_type,2016,Long Term Care,,facility_volume_rank_within_year,8.0,212,129,851,51,131,669,102200.0,120,30,41,33.4906,4.0142,482.0755,Separate time movement from facility-type mix changes.
year_facility_type_shift,year_facility_type,2016,Catering,,facility_volume_rank_within_year,9.0,154,98,444,33,48,363,54450.0,85,15,19,22.0779,2.8831,353.5714,Separate time movement from facility-type mix changes.
year_facility_type_shift,year_facility_type,2016,unknown,,facility_volume_rank_within_year,10.0,127,117,55,12,13,30,9650.0,11,5,3,6.2992,0.4331,75.9843,Separate time movement from facility-type mix changes.
year_facility_type_shift,year_facility_type,2014,Restaurant,,facility_volume_rank_within_year,1.0,15031,8655,56262,3590,6757,45915,6918200.0,8980,1842,2532,29.0999,3.7431,460.2621,Separate time movement from facility-type mix changes.
year_facility_type_shift,year_facility_type,2014,Grocery Store,,facility_volume_rank_within_year,2.0,2932,1923,10998,725,1463,8810,1331600.0,1643,272,583,29.161,3.751,454.161,Separate time movement from facility-type mix changes.
year_facility_type_shift,year_facility_type,2014,School,,facility_volume_rank_within_year,3.0,1217,941,3977,146,457,3374,446750.0,859,68,201,22.1035,3.2679,367.0912,Separate time movement from facility-type mix changes.
year_facility_type_shift,year_facility_type,2014,unknown,,facility_volume_rank_within_year,4.0,548,533,57,2,6,49,5800.0,21,2,13,2.7372,0.104,10.5839,Separate time movement from facility-type mix changes.
year_facility_type_shift,year_facility_type,2014,Bakery,,facility_volume_rank_within_year,5.0,337,219,1355,55,170,1130,146350.0,203,28,67,28.1899,4.0208,434.273,Separate time movement from facility-type mix changes.
year_facility_type_shift,year_facility_type,2014,Daycare (2 - 6 Years),,facility_volume_rank_within_year,6.0,187,147,471,35,64,372,57100.0,125,5,35,21.3904,2.5187,305.3476,Separate time movement from facility-type mix changes.
year_facility_type_shift,year_facility_type,2014,Daycare Above and Under 2 Years,,facility_volume_rank_within_year,7.0,175,123,644,78,113,453,94450.0,101,12,47,33.7143,3.68,539.7143,Separate time movement from facility-type mix changes.
year_facility_type_shift,year_facility_type,2014,Children's Services Facility,,facility_volume_rank_within_year,8.0,125,100,448,45,70,333,53850.0,88,3,28,24.8,3.584,430.8,Separate time movement from facility-type mix changes.
year_facility_type_shift,year_facility_type,2014,Catering,,facility_volume_rank_within_year,9.0,122,81,358,22,35,301,41750.0,80,10,13,18.8525,2.9344,342.2131,Separate time movement from facility-type mix changes.
year_facility_type_shift,year_facility_type,2014,Liquor,,facility_volume_rank_within_year,10.0,92,58,210,21,50,139,32300.0,45,1,33,36.9565,2.2826,351.087,Separate time movement from facility-type mix changes.
year_facility_type_shift,year_facility_type,2015,Restaurant,,facility_volume_rank_within_year,1.0,14284,8783,54827,3557,6774,44496,6646800.0,8190,1624,2470,28.6614,3.8384,465.3318,Separate time movement from facility-type mix changes.
year_facility_type_shift,year_facility_type,2015,Grocery Store,,facility_volume_rank_within_year,2.0,2658,1792,9718,678,1352,7688,1175050.0,1477,258,479,27.7276,3.6561,442.0805,Separate time movement from facility-type mix changes.
year_facility_type_shift,year_facility_type,2015,School,,facility_volume_rank_within_year,3.0,1162,874,3872,200,605,3067,460000.0,819,85,228,26.9363,3.3322,395.8692,Separate time movement from facility-type mix changes.
year_facility_type_shift,year_facility_type,2015,Daycare (2 - 6 Years),,facility_volume_rank_within_year,4.0,338,270,734,28,97,609,80000.0,207,16,39,16.2722,2.1716,236.6864,Separate time movement from facility-type mix changes.
year_facility_type_shift,year_facility_type,2015,Children's Services Facility,,facility_volume_rank_within_year,5.0,323,229,1018,86,175,757,121250.0,230,14,66,24.7678,3.1517,375.387,Separate time movement from facility-type mix changes.
year_facility_type_shift,year_facility_type,2015,Bakery,,facility_volume_rank_within_year,6.0,322,225,1249,62,154,1033,141500.0,195,24,58,25.4658,3.8789,439.441,Separate time movement from facility-type mix changes.
year_facility_type_shift,year_facility_type,2015,Daycare Above and Under 2 Years,,facility_volume_rank_within_year,7.0,259,205,690,35,92,563,79100.0,182,18,33,19.6911,2.6641,305.4054,Separate time movement from facility-type mix changes.
year_facility_type_shift,year_facility_type,2015,unknown,,facility_volume_rank_within_year,8.0,232,225,36,7,6,23,4850.0,10,1,7,3.4483,0.1552,20.9052,Separate time movement from facility-type mix changes.
year_facility_type_shift,year_facility_type,2015,Long Term Care,,facility_volume_rank_within_year,9.0,161,120,584,38,62,484,67950.0,111,9,29,23.6025,3.6273,422.0497,Separate time movement from facility-type mix changes.
year_facility_type_shift,year_facility_type,2015,Catering,,facility_volume_rank_within_year,10.0,129,85,493,29,59,405,60500.0,76,16,23,30.2326,3.8217,468.9922,Separate time movement from facility-type mix changes.
year_violation_category_shift,year_violation_category,2010,Food Maintenance,,category_volume_rank_within_year,1.0,37596,8328,37596,0,0,37596,3160300.0,23272,3534,10787,38.0918,1.0,84.0595,Identify whether the violation mix changes over time.
year_violation_category_shift,year_violation_category,2010,Food Protection,,category_volume_rank_within_year,2.0,20816,7195,20816,2596,451,17769,2712700.0,11860,3075,5879,43.015,1.0,130.318,Identify whether the violation mix changes over time.
year_violation_category_shift,year_violation_category,2010,Insect and Rodent Control,,category_volume_rank_within_year,3.0,4451,1935,4451,0,4451,0,669750.0,1872,112,2466,57.9196,1.0,150.4718,Identify whether the violation mix changes over time.
year_violation_category_shift,year_violation_category,2010,Personnel,,category_volume_rank_within_year,4.0,1025,681,1025,0,1025,0,205250.0,242,376,407,76.3902,1.0,200.2439,Identify whether the violation mix changes over time.
year_violation_category_shift,year_violation_category,2010,Compliance,,category_volume_rank_within_year,5.0,942,464,942,179,763,0,129500.0,368,92,482,60.9342,1.0,137.4735,Identify whether the violation mix changes over time.
year_violation_category_shift,year_violation_category,2010,Toilet and Hand Washing Facilities for Staff,,category_volume_rank_within_year,6.0,749,457,749,749,0,0,266500.0,198,134,417,73.5648,1.0,355.8077,Identify whether the violation mix changes over time.
year_violation_category_shift,year_violation_category,2010,Food Equipment and Utensil,,category_volume_rank_within_year,7.0,629,329,629,0,629,0,96500.0,250,25,354,60.2544,1.0,153.4181,Identify whether the violation mix changes over time.
year_violation_category_shift,year_violation_category,2010,Wash and Waste Water Disposal,,category_volume_rank_within_year,8.0,623,344,623,623,0,0,209000.0,213,55,355,65.8106,1.0,335.4735,Identify whether the violation mix changes over time.
year_violation_category_shift,year_violation_category,2010,Food Equipment and Utensil Sanitation,,category_volume_rank_within_year,9.0,426,295,426,426,0,0,173000.0,115,136,175,73.0047,1.0,406.1033,Identify whether the violation mix changes over time.
year_violation_category_shift,year_violation_category,2010,Toilet / Hand Washing Facilities For Customers,,category_volume_rank_within_year,10.0,387,206,387,0,387,0,60000.0,143,30,214,63.0491,1.0,155.0388,Identify whether the violation mix changes over time.
year_violation_category_shift,year_violation_category,2011,Food Maintenance,,category_volume_rank_within_year,1.0,42369,8732,42369,0,0,42369,3594700.0,26549,4030,11785,37.3268,1.0,84.8427,Identify whether the violation mix changes over time.
year_violation_category_shift,year_violation_category,2011,Food Protection,,category_volume_rank_within_year,2.0,22694,7566,22694,2306,488,19900,2800800.0,13236,3160,6295,41.663,1.0,123.4159,Identify whether the violation mix changes over time.
year_violation_category_shift,year_violation_category,2011,Insect and Rodent Control,,category_volume_rank_within_year,3.0,4922,2098,4922,0,4922,0,749500.0,2103,131,2687,57.2531,1.0,152.2755,Identify whether the violation mix changes over time.
year_violation_category_shift,year_violation_category,2011,Personnel,,category_volume_rank_within_year,4.0,1128,762,1128,0,1128,0,231250.0,259,445,424,77.039,1.0,205.0089,Identify whether the violation mix changes over time.
year_violation_category_shift,year_violation_category,2011,Compliance,,category_volume_rank_within_year,5.0,1080,512,1080,207,873,0,143000.0,430,103,547,60.1852,1.0,132.4074,Identify whether the violation mix changes over time.
year_violation_category_shift,year_violation_category,2011,Toilet and Hand Washing Facilities for Staff,,category_volume_rank_within_year,6.0,909,540,909,909,0,0,323000.0,246,146,517,72.9373,1.0,355.3355,Identify whether the violation mix changes over time.
year_violation_category_shift,year_violation_category,2011,Food Equipment and Utensil,,category_volume_rank_within_year,7.0,813,426,813,0,813,0,123250.0,328,40,445,59.6556,1.0,151.599,Identify whether the violation mix changes over time.
year_violation_category_shift,year_violation_category,2011,Wash and Waste Water Disposal,,category_volume_rank_within_year,8.0,609,321,609,609,0,0,193500.0,213,44,352,65.0246,1.0,317.734,Identify whether the violation mix changes over time.
year_violation_category_shift,year_violation_category,2011,Toilet / Hand Washing Facilities For Customers,,category_volume_rank_within_year,9.0,514,267,514,0,514,0,77500.0,208,32,274,59.5331,1.0,150.7782,Identify whether the violation mix changes over time.
year_violation_category_shift,year_violation_category,2011,Food Equipment and Utensil Sanitation,,category_volume_rank_within_year,10.0,304,238,304,304,0,0,131500.0,60,109,135,80.2632,1.0,432.5658,Identify whether the violation mix changes over time.
year_violation_category_shift,year_violation_category,2017,Food Maintenance,,category_volume_rank_within_year,1.0,4673,1494,4673,0,0,4673,421400.0,2859,547,1243,38.3052,1.0,90.1776,Identify whether the violation mix changes over time.
year_violation_category_shift,year_violation_category,2017,Food Protection,,category_volume_rank_within_year,2.0,2822,1242,2822,280,139,2403,376300.0,1542,467,793,44.6492,1.0,133.3451,Identify whether the violation mix changes over time.
year_violation_category_shift,year_violation_category,2017,Insect and Rodent Control,,category_volume_rank_within_year,3.0,505,271,505,0,505,0,89250.0,205,24,272,58.6139,1.0,176.7327,Identify whether the violation mix changes over time.
year_violation_category_shift,year_violation_category,2017,Compliance,,category_volume_rank_within_year,4.0,233,132,233,31,202,0,31500.0,96,18,116,57.5107,1.0,135.1931,Identify whether the violation mix changes over time.
year_violation_category_shift,year_violation_category,2017,Personnel,,category_volume_rank_within_year,5.0,199,160,199,0,199,0,43000.0,36,102,59,80.9045,1.0,216.0804,Identify whether the violation mix changes over time.
year_violation_category_shift,year_violation_category,2017,Food Equipment and Utensil,,category_volume_rank_within_year,6.0,181,101,181,0,181,0,33500.0,73,8,98,58.5635,1.0,185.0829,Identify whether the violation mix changes over time.
year_violation_category_shift,year_violation_category,2017,Toilet and Hand Washing Facilities for Staff,,category_volume_rank_within_year,7.0,179,135,179,179,0,0,71000.0,47,46,85,73.1844,1.0,396.648,Identify whether the violation mix changes over time.
year_violation_category_shift,year_violation_category,2017,Food Equipment and Utensil Sanitation,,category_volume_rank_within_year,8.0,57,47,57,57,0,0,23500.0,13,21,23,77.193,1.0,412.2807,Identify whether the violation mix changes over time.
year_violation_category_shift,year_violation_category,2017,Toilet / Hand Washing Facilities For Customers,,category_volume_rank_within_year,9.0,50,29,50,0,50,0,8500.0,18,4,28,64.0,1.0,170.0,Identify whether the violation mix changes over time.
year_violation_category_shift,year_violation_category,2017,Wash and Waste Water Disposal,,category_volume_rank_within_year,10.0,43,29,43,43,0,0,16000.0,13,8,22,69.7674,1.0,372.093,Identify whether the violation mix changes over time.
year_violation_category_shift,year_violation_category,2013,Food Maintenance,,category_volume_rank_within_year,1.0,38366,10320,38366,0,0,38366,3454500.0,25759,4040,8410,32.4506,1.0,90.0407,Identify whether the violation mix changes over time.
year_violation_category_shift,year_violation_category,2013,Food Protection,,category_volume_rank_within_year,2.0,21415,8568,21415,2041,900,18474,2752750.0,13013,3253,5078,38.9026,1.0,128.5431,Identify whether the violation mix changes over time.
year_violation_category_shift,year_violation_category,2013,Insect and Rodent Control,,category_volume_rank_within_year,3.0,4308,1969,4308,0,4308,0,711750.0,1799,173,2309,57.6137,1.0,165.2159,Identify whether the violation mix changes over time.
year_violation_category_shift,year_violation_category,2013,Personnel,,category_volume_rank_within_year,4.0,1330,960,1330,0,1330,0,288750.0,265,613,448,79.7744,1.0,217.1053,Identify whether the violation mix changes over time.
year_violation_category_shift,year_violation_category,2013,Compliance,,category_volume_rank_within_year,5.0,1232,609,1232,204,1028,0,171000.0,483,115,623,59.9026,1.0,138.7987,Identify whether the violation mix changes over time.
year_violation_category_shift,year_violation_category,2013,Toilet and Hand Washing Facilities for Staff,,category_volume_rank_within_year,6.0,857,567,857,857,0,0,331000.0,220,193,440,73.8623,1.0,386.231,Identify whether the violation mix changes over time.
year_violation_category_shift,year_violation_category,2013,Food Equipment and Utensil,,category_volume_rank_within_year,7.0,792,406,792,0,792,0,128000.0,329,47,412,57.9545,1.0,161.6162,Identify whether the violation mix changes over time.
year_violation_category_shift,year_violation_category,2013,Wash and Waste Water Disposal,,category_volume_rank_within_year,8.0,434,252,434,434,0,0,152500.0,136,64,231,67.9724,1.0,351.3825,Identify whether the violation mix changes over time.
year_violation_category_shift,year_violation_category,2013,Toilet / Hand Washing Facilities For Customers,,category_volume_rank_within_year,9.0,416,229,416,0,416,0,69750.0,165,34,215,59.8558,1.0,167.6683,Identify whether the violation mix changes over time.
year_violation_category_shift,year_violation_category,2013,Food Equipment and Utensil Sanitation,,category_volume_rank_within_year,10.0,359,291,359,359,0,0,157500.0,56,172,131,84.4011,1.0,438.7187,Identify whether the violation mix changes over time.
year_violation_category_shift,year_violation_category,2012,Food Maintenance,,category_volume_rank_within_year,1.0,37632,9124,37632,0,0,37632,3360400.0,24132,3966,9446,35.6399,1.0,89.2963,Identify whether the violation mix changes over time.
year_violation_category_shift,year_violation_category,2012,Food Protection,,category_volume_rank_within_year,2.0,20463,7665,20463,2184,629,17650,2691700.0,11860,3166,5404,41.8805,1.0,131.5399,Identify whether the violation mix changes over time.
year_violation_category_shift,year_violation_category,2012,Insect and Rodent Control,,category_volume_rank_within_year,3.0,4557,2066,4557,0,4557,0,737250.0,1869,160,2516,58.7228,1.0,161.7841,Identify whether the violation mix changes over time.
year_violation_category_shift,year_violation_category,2012,Personnel,,category_volume_rank_within_year,4.0,1095,778,1095,0,1095,0,235250.0,224,461,406,79.1781,1.0,214.8402,Identify whether the violation mix changes over time.
year_violation_category_shift,year_violation_category,2012,Compliance,,category_volume_rank_within_year,5.0,1081,539,1081,261,820,0,154500.0,390,116,572,63.6448,1.0,142.9232,Identify whether the violation mix changes over time.
year_violation_category_shift,year_violation_category,2012,Food Equipment and Utensil,,category_volume_rank_within_year,6.0,781,419,781,0,781,0,124250.0,302,33,440,60.5634,1.0,159.0909,Identify whether the violation mix changes over time.
year_violation_category_shift,year_violation_category,2012,Toilet and Hand Washing Facilities for Staff,,category_volume_rank_within_year,7.0,677,457,677,677,0,0,256000.0,169,129,379,75.0369,1.0,378.1388,Identify whether the violation mix changes over time.
year_violation_category_shift,year_violation_category,2012,Toilet / Hand Washing Facilities For Customers,,category_volume_rank_within_year,8.0,469,254,469,0,469,0,77750.0,179,36,252,61.4072,1.0,165.7783,Identify whether the violation mix changes over time.
year_violation_category_shift,year_violation_category,2012,Wash and Waste Water Disposal,,category_volume_rank_within_year,9.0,446,256,446,446,0,0,153500.0,138,37,271,69.0583,1.0,344.1704,Identify whether the violation mix changes over time.
year_violation_category_shift,year_violation_category,2012,Food Equipment and Utensil Sanitation,,category_volume_rank_within_year,10.0,376,299,376,376,0,0,160500.0,67,143,166,82.1809,1.0,426.8617,Identify whether the violation mix changes over time.
year_violation_category_shift,year_violation_category,2016,Food Maintenance,,category_volume_rank_within_year,1.0,42532,10429,42532,0,0,42532,3766400.0,25400,5827,11062,39.7089,1.0,88.5545,Identify whether the violation mix changes over time.
year_violation_category_shift,year_violation_category,2016,Food Protection,,category_volume_rank_within_year,2.0,25369,8572,25369,2991,1351,21027,3503800.0,13481,4704,7049,46.3282,1.0,138.1134,Identify whether the violation mix changes over time.
year_violation_category_shift,year_violation_category,2016,Insect and Rodent Control,,category_volume_rank_within_year,3.0,5124,2261,5124,0,5124,0,855000.0,2107,283,2697,58.1577,1.0,166.8618,Identify whether the violation mix changes over time.
year_violation_category_shift,year_violation_category,2016,Compliance,,category_volume_rank_within_year,4.0,2673,1303,2673,379,2294,0,367500.0,991,399,1258,61.9903,1.0,137.486,Identify whether the violation mix changes over time.
year_violation_category_shift,year_violation_category,2016,Personnel,,category_volume_rank_within_year,5.0,1864,1290,1864,0,1864,0,396750.0,337,888,626,81.2232,1.0,212.8487,Identify whether the violation mix changes over time.
year_violation_category_shift,year_violation_category,2016,Food Equipment and Utensil,,category_volume_rank_within_year,6.0,1458,707,1458,0,1458,0,244000.0,579,93,768,59.0535,1.0,167.3525,Identify whether the violation mix changes over time.
year_violation_category_shift,year_violation_category,2016,Toilet and Hand Washing Facilities for Staff,,category_volume_rank_within_year,7.0,1363,899,1363,1363,0,0,523000.0,352,311,691,73.5143,1.0,383.7124,Identify whether the violation mix changes over time.
year_violation_category_shift,year_violation_category,2016,Food Equipment and Utensil Sanitation,,category_volume_rank_within_year,8.0,516,395,516,516,0,0,218000.0,97,206,213,81.2016,1.0,422.4806,Identify whether the violation mix changes over time.
year_violation_category_shift,year_violation_category,2016,Wash and Waste Water Disposal,,category_volume_rank_within_year,9.0,429,255,429,429,0,0,157500.0,118,71,236,71.5618,1.0,367.1329,Identify whether the violation mix changes over time.
year_violation_category_shift,year_violation_category,2016,Toilet / Hand Washing Facilities For Customers,,category_volume_rank_within_year,10.0,382,203,382,0,382,0,69000.0,146,39,197,61.7801,1.0,180.6283,Identify whether the violation mix changes over time.
year_violation_category_shift,year_violation_category,2014,Food Maintenance,,category_volume_rank_within_year,1.0,41473,10101,41473,0,0,41473,3763900.0,26695,5359,9302,35.3507,1.0,90.7554,Identify whether the violation mix changes over time.
year_violation_category_shift,year_violation_category,2014,Food Protection,,category_volume_rank_within_year,2.0,24413,8462,24413,2403,1092,20918,3226150.0,14121,4471,5771,41.9531,1.0,132.1489,Identify whether the violation mix changes over time.
year_violation_category_shift,year_violation_category,2014,Insect and Rodent Control,,category_volume_rank_within_year,3.0,4370,1934,4370,0,4370,0,742000.0,1827,224,2291,57.5515,1.0,169.7941,Identify whether the violation mix changes over time.
year_violation_category_shift,year_violation_category,2014,Personnel,,category_volume_rank_within_year,4.0,1561,1117,1561,0,1561,0,345750.0,252,791,511,83.4081,1.0,221.4926,Identify whether the violation mix changes over time.
year_violation_category_shift,year_violation_category,2014,Compliance,,category_volume_rank_within_year,5.0,1481,725,1481,205,1276,0,201750.0,581,152,738,60.0945,1.0,136.2255,Identify whether the violation mix changes over time.
year_violation_category_shift,year_violation_category,2014,Toilet and Hand Washing Facilities for Staff,,category_volume_rank_within_year,6.0,1296,806,1296,1296,0,0,503500.0,349,280,663,72.7623,1.0,388.5031,Identify whether the violation mix changes over time.
year_violation_category_shift,year_violation_category,2014,Food Equipment and Utensil,,category_volume_rank_within_year,7.0,700,355,700,0,700,0,113750.0,273,56,368,60.5714,1.0,162.5,Identify whether the violation mix changes over time.
year_violation_category_shift,year_violation_category,2014,Wash and Waste Water Disposal,,category_volume_rank_within_year,8.0,480,275,480,480,0,0,177000.0,143,79,256,69.7917,1.0,368.75,Identify whether the violation mix changes over time.
year_violation_category_shift,year_violation_category,2014,Food Equipment and Utensil Sanitation,,category_volume_rank_within_year,9.0,473,355,473,473,0,0,200500.0,86,187,199,81.6068,1.0,423.8901,Identify whether the violation mix changes over time.
year_violation_category_shift,year_violation_category,2014,Toilet / Hand Washing Facilities For Customers,,category_volume_rank_within_year,10.0,278,157,278,0,278,0,50750.0,99,31,148,64.3885,1.0,182.554,Identify whether the violation mix changes over time.
year_violation_category_shift,year_violation_category,2015,Food Maintenance,,category_volume_rank_within_year,1.0,41826,10400,41826,0,0,41826,3781300.0,26354,5396,9927,36.6351,1.0,90.4055,Identify whether the violation mix changes over time.
year_violation_category_shift,year_violation_category,2015,Food Protection,,category_volume_rank_within_year,2.0,22421,8334,22421,2392,1141,18888,3028650.0,12558,4019,5777,43.6912,1.0,135.081,Identify whether the violation mix changes over time.
year_violation_category_shift,year_violation_category,2015,Insect and Rodent Control,,category_volume_rank_within_year,3.0,4444,1975,4444,0,4444,0,728000.0,1866,216,2332,57.3357,1.0,163.8164,Identify whether the violation mix changes over time.
year_violation_category_shift,year_violation_category,2015,Compliance,,category_volume_rank_within_year,4.0,1782,836,1782,282,1500,0,229750.0,686,204,881,60.8866,1.0,128.9282,Identify whether the violation mix changes over time.
year_violation_category_shift,year_violation_category,2015,Personnel,,category_volume_rank_within_year,5.0,1474,1069,1474,0,1474,0,316250.0,264,701,498,81.3433,1.0,214.5522,Identify whether the violation mix changes over time.
year_violation_category_shift,year_violation_category,2015,Toilet and Hand Washing Facilities for Staff,,category_volume_rank_within_year,6.0,1297,832,1297,1297,0,0,483000.0,368,241,677,70.7787,1.0,372.3978,Identify whether the violation mix changes over time.
year_violation_category_shift,year_violation_category,2015,Food Equipment and Utensil,,category_volume_rank_within_year,7.0,726,367,726,0,726,0,115000.0,301,39,383,58.1267,1.0,158.4022,Identify whether the violation mix changes over time.
year_violation_category_shift,year_violation_category,2015,Wash and Waste Water Disposal,,category_volume_rank_within_year,8.0,427,248,427,427,0,0,150000.0,131,57,234,68.1499,1.0,351.2881,Identify whether the violation mix changes over time.
year_violation_category_shift,year_violation_category,2015,Food Equipment and Utensil Sanitation,,category_volume_rank_within_year,9.0,402,317,402,402,0,0,172500.0,77,150,175,80.8458,1.0,429.1045,Identify whether the violation mix changes over time.
year_violation_category_shift,year_violation_category,2015,Toilet / Hand Washing Facilities For Customers,,category_volume_rank_within_year,10.0,261,141,261,0,261,0,44000.0,96,28,137,63.2184,1.0,168.5824,Identify whether the violation mix changes over time.
ward_year_hotspots,year_ward,2010,42,,ward_volume_rank_within_year,1.0,1964,1393,5218,321,544,4353,611850.0,1395,161,344,25.7128,2.6568,311.5326,Look for geography-specific temporal weak spots.
ward_year_hotspots,year_ward,2010,27,,ward_volume_rank_within_year,2.0,781,483,2686,197,345,2144,333400.0,523,49,181,29.4494,3.4392,426.8886,Look for geography-specific temporal weak spots.
ward_year_hotspots,year_ward,2010,44,,ward_volume_rank_within_year,3.0,623,360,2527,285,361,1881,330750.0,343,104,168,43.6597,4.0562,530.8989,Look for geography-specific temporal weak spots.
ward_year_hotspots,year_ward,2010,2,,ward_volume_rank_within_year,4.0,583,344,2287,227,287,1773,279300.0,362,52,147,34.1338,3.9228,479.0738,Look for geography-specific temporal weak spots.
ward_year_hotspots,year_ward,2010,1,,ward_volume_rank_within_year,5.0,573,352,2280,125,228,1927,236750.0,386,31,133,28.6213,3.9791,413.1763,Look for geography-specific temporal weak spots.
ward_year_hotspots,year_ward,2010,4,,ward_volume_rank_within_year,6.0,566,273,1717,96,201,1420,202250.0,380,45,121,29.3286,3.0336,357.3322,Look for geography-specific temporal weak spots.
ward_year_hotspots,year_ward,2010,25,,ward_volume_rank_within_year,7.0,508,301,2260,188,292,1780,257700.0,267,37,165,39.7638,4.4488,507.2835,Look for geography-specific temporal weak spots.
ward_year_hotspots,year_ward,2010,47,,ward_volume_rank_within_year,8.0,491,291,2048,243,262,1543,264250.0,279,61,149,42.7699,4.1711,538.1874,Look for geography-specific temporal weak spots.
ward_year_hotspots,year_ward,2010,28,,ward_volume_rank_within_year,9.0,467,282,1720,108,264,1348,193100.0,269,26,124,32.1199,3.6831,413.4904,Look for geography-specific temporal weak spots.
ward_year_hotspots,year_ward,2010,11,,ward_volume_rank_within_year,10.0,430,248,1264,89,127,1048,143600.0,277,32,102,31.1628,2.9395,333.9535,Look for geography-specific temporal weak spots.
ward_year_hotspots,year_ward,2011,42,,ward_volume_rank_within_year,1.0,2023,1361,6391,395,683,5313,740450.0,1411,209,334,26.8413,3.1592,366.0158,Look for geography-specific temporal weak spots.
ward_year_hotspots,year_ward,2011,27,,ward_volume_rank_within_year,2.0,778,476,2442,154,284,2004,269700.0,536,49,157,26.4781,3.1388,346.6581,Look for geography-specific temporal weak spots.
ward_year_hotspots,year_ward,2011,25,,ward_volume_rank_within_year,3.0,615,368,2642,130,346,2166,281800.0,415,35,139,28.2927,4.2959,458.2114,Look for geography-specific temporal weak spots.
ward_year_hotspots,year_ward,2011,1,,ward_volume_rank_within_year,4.0,590,380,1973,115,265,1593,213300.0,391,32,133,27.9661,3.3441,361.5254,Look for geography-specific temporal weak spots.
ward_year_hotspots,year_ward,2011,44,,ward_volume_rank_within_year,5.0,486,237,1917,248,260,1409,255100.0,254,75,154,47.1193,3.9444,524.8971,Look for geography-specific temporal weak spots.
ward_year_hotspots,year_ward,2011,2,,ward_volume_rank_within_year,6.0,484,305,1953,147,257,1549,229750.0,297,54,123,36.5702,4.0351,474.6901,Look for geography-specific temporal weak spots.
ward_year_hotspots,year_ward,2011,4,,ward_volume_rank_within_year,7.0,484,243,1581,87,152,1342,180050.0,362,44,75,24.5868,3.2665,372.0041,Look for geography-specific temporal weak spots.
ward_year_hotspots,year_ward,2011,28,,ward_volume_rank_within_year,8.0,477,289,1696,85,165,1446,180150.0,338,16,97,23.6897,3.5556,377.673,Look for geography-specific temporal weak spots.
ward_year_hotspots,year_ward,2011,41,,ward_volume_rank_within_year,9.0,460,323,1685,61,103,1521,187550.0,307,31,60,19.7826,3.663,407.7174,Look for geography-specific temporal weak spots.
ward_year_hotspots,year_ward,2011,50,,ward_volume_rank_within_year,10.0,450,288,2160,89,303,1768,204600.0,204,43,114,34.8889,4.8,454.6667,Look for geography-specific temporal weak spots.
ward_year_hotspots,year_ward,2017,42,,ward_volume_rank_within_year,1.0,291,238,931,73,131,727,123800.0,163,59,51,37.8007,3.1993,425.4296,Look for geography-specific temporal weak spots.
ward_year_hotspots,year_ward,2017,27,,ward_volume_rank_within_year,2.0,105,85,334,26,55,253,43550.0,62,11,18,27.619,3.181,414.7619,Look for geography-specific temporal weak spots.
ward_year_hotspots,year_ward,2017,47,,ward_volume_rank_within_year,3.0,82,60,275,22,31,222,35000.0,51,8,13,25.6098,3.3537,426.8293,Look for geography-specific temporal weak spots.
ward_year_hotspots,year_ward,2017,50,,ward_volume_rank_within_year,4.0,79,50,377,49,70,258,55900.0,30,16,23,49.3671,4.7722,707.5949,Look for geography-specific temporal weak spots.
ward_year_hotspots,year_ward,2017,41,,ward_volume_rank_within_year,5.0,77,62,310,16,49,245,37600.0,50,8,15,29.8701,4.026,488.3117,Look for geography-specific temporal weak spots.
ward_year_hotspots,year_ward,2017,2,,ward_volume_rank_within_year,6.0,73,59,225,8,20,197,24000.0,45,7,9,21.9178,3.0822,328.7671,Look for geography-specific temporal weak spots.
ward_year_hotspots,year_ward,2017,49,,ward_volume_rank_within_year,7.0,73,63,249,4,26,219,25900.0,48,4,9,17.8082,3.411,354.7945,Look for geography-specific temporal weak spots.
ward_year_hotspots,year_ward,2017,44,,ward_volume_rank_within_year,8.0,72,57,217,15,25,177,28000.0,38,15,12,37.5,3.0139,388.8889,Look for geography-specific temporal weak spots.
ward_year_hotspots,year_ward,2017,39,,ward_volume_rank_within_year,9.0,67,55,253,8,33,212,27200.0,48,3,11,20.8955,3.7761,405.9701,Look for geography-specific temporal weak spots.
ward_year_hotspots,year_ward,2017,4,,ward_volume_rank_within_year,10.0,63,52,249,17,33,199,31550.0,37,4,13,26.9841,3.9524,500.7937,Look for geography-specific temporal weak spots.
ward_year_hotspots,year_ward,2013,42,,ward_volume_rank_within_year,1.0,2441,1683,6325,462,650,5213,859200.0,1618,276,298,23.515,2.5912,351.9869,Look for geography-specific temporal weak spots.
ward_year_hotspots,year_ward,2013,27,,ward_volume_rank_within_year,2.0,844,598,2493,153,314,2026,293650.0,499,62,127,22.3934,2.9538,347.9265,Look for geography-specific temporal weak spots.
ward_year_hotspots,year_ward,2013,44,,ward_volume_rank_within_year,3.0,810,551,2715,142,420,2153,304550.0,408,72,137,25.8025,3.3519,375.9877,Look for geography-specific temporal weak spots.
ward_year_hotspots,year_ward,2013,1,,ward_volume_rank_within_year,4.0,710,458,2678,160,410,2108,303600.0,381,43,161,28.7324,3.7718,427.6056,Look for geography-specific temporal weak spots.
ward_year_hotspots,year_ward,2013,25,,ward_volume_rank_within_year,5.0,644,466,2163,125,246,1792,249100.0,401,37,91,19.8758,3.3587,386.8012,Look for geography-specific temporal weak spots.
ward_year_hotspots,year_ward,2013,2,,ward_volume_rank_within_year,6.0,643,457,1715,94,231,1390,214800.0,379,60,90,23.3281,2.6672,334.0591,Look for geography-specific temporal weak spots.
ward_year_hotspots,year_ward,2013,47,,ward_volume_rank_within_year,7.0,597,442,2103,90,225,1788,236750.0,330,61,78,23.2831,3.5226,396.5662,Look for geography-specific temporal weak spots.
ward_year_hotspots,year_ward,2013,4,,ward_volume_rank_within_year,8.0,589,322,1766,148,249,1369,221350.0,262,62,102,27.8438,2.9983,375.8065,Look for geography-specific temporal weak spots.
ward_year_hotspots,year_ward,2013,43,,ward_volume_rank_within_year,9.0,588,434,1888,151,284,1453,241950.0,306,88,83,29.0816,3.2109,411.4796,Look for geography-specific temporal weak spots.
ward_year_hotspots,year_ward,2013,32,,ward_volume_rank_within_year,10.0,498,349,1751,71,278,1402,194600.0,276,39,91,26.1044,3.5161,390.7631,Look for geography-specific temporal weak spots.
ward_year_hotspots,year_ward,2012,42,,ward_volume_rank_within_year,1.0,1772,1301,5054,282,469,4303,602300.0,1159,174,251,23.9842,2.8521,339.8984,Look for geography-specific temporal weak spots.
ward_year_hotspots,year_ward,2012,27,,ward_volume_rank_within_year,2.0,670,435,2399,151,326,1922,274100.0,386,33,150,27.3134,3.5806,409.1045,Look for geography-specific temporal weak spots.
ward_year_hotspots,year_ward,2012,1,,ward_volume_rank_within_year,3.0,667,400,2597,137,414,2046,296600.0,332,61,168,34.3328,3.8936,444.6777,Look for geography-specific temporal weak spots.
ward_year_hotspots,year_ward,2012,47,,ward_volume_rank_within_year,4.0,586,457,2127,138,185,1804,247400.0,326,56,72,21.843,3.6297,422.1843,Look for geography-specific temporal weak spots.
ward_year_hotspots,year_ward,2012,25,,ward_volume_rank_within_year,5.0,573,400,1696,93,209,1394,186700.0,356,21,109,22.6876,2.9599,325.829,Look for geography-specific temporal weak spots.
ward_year_hotspots,year_ward,2012,44,,ward_volume_rank_within_year,6.0,542,399,2110,187,292,1631,264000.0,301,63,98,29.7048,3.893,487.0849,Look for geography-specific temporal weak spots.
ward_year_hotspots,year_ward,2012,2,,ward_volume_rank_within_year,7.0,537,377,1555,82,217,1256,192900.0,323,54,102,29.0503,2.8957,359.2179,Look for geography-specific temporal weak spots.
ward_year_hotspots,year_ward,2012,48,,ward_volume_rank_within_year,8.0,477,339,1526,127,173,1226,188200.0,238,34,85,24.9476,3.1992,394.5493,Look for geography-specific temporal weak spots.
ward_year_hotspots,year_ward,2012,32,,ward_volume_rank_within_year,9.0,439,302,1602,74,235,1293,181700.0,240,41,95,30.9795,3.6492,413.8952,Look for geography-specific temporal weak spots.
ward_year_hotspots,year_ward,2012,40,,ward_volume_rank_within_year,10.0,431,299,1423,99,177,1147,163400.0,209,48,79,29.4664,3.3016,379.1183,Look for geography-specific temporal weak spots.
ward_year_hotspots,year_ward,2016,42,,ward_volume_rank_within_year,1.0,2783,1669,8011,677,848,6486,1026600.0,1809,412,339,26.9853,2.8785,368.8825,Look for geography-specific temporal weak spots.
ward_year_hotspots,year_ward,2016,27,,ward_volume_rank_within_year,2.0,1135,633,4441,351,778,3312,553150.0,561,153,261,36.4758,3.9128,487.3568,Look for geography-specific temporal weak spots.
ward_year_hotspots,year_ward,2016,25,,ward_volume_rank_within_year,3.0,929,490,3487,227,601,2659,391950.0,543,68,213,30.2476,3.7535,421.9053,Look for geography-specific temporal weak spots.
ward_year_hotspots,year_ward,2016,1,,ward_volume_rank_within_year,4.0,823,466,3307,358,626,2323,443550.0,395,107,211,38.6391,4.0182,538.9429,Look for geography-specific temporal weak spots.
ward_year_hotspots,year_ward,2016,2,,ward_volume_rank_within_year,5.0,788,444,3182,268,514,2400,410300.0,391,125,171,37.5635,4.0381,520.6853,Look for geography-specific temporal weak spots.
ward_year_hotspots,year_ward,2016,44,,ward_volume_rank_within_year,6.0,777,460,3236,253,520,2463,422450.0,423,87,146,29.9871,4.1647,543.6937,Look for geography-specific temporal weak spots.
ward_year_hotspots,year_ward,2016,47,,ward_volume_rank_within_year,7.0,754,417,2591,129,377,2085,297950.0,443,57,115,22.8117,3.4363,395.1592,Look for geography-specific temporal weak spots.
ward_year_hotspots,year_ward,2016,43,,ward_volume_rank_within_year,8.0,735,387,4131,251,594,3286,500100.0,333,113,197,42.1769,5.6204,680.4082,Look for geography-specific temporal weak spots.
ward_year_hotspots,year_ward,2016,41,,ward_volume_rank_within_year,9.0,587,323,2127,221,343,1563,276250.0,336,77,121,33.7308,3.6235,470.6133,Look for geography-specific temporal weak spots.
ward_year_hotspots,year_ward,2016,32,,ward_volume_rank_within_year,10.0,518,327,1921,130,300,1491,250050.0,274,78,86,31.6602,3.7085,482.722,Look for geography-specific temporal weak spots.
ward_year_hotspots,year_ward,2014,42,,ward_volume_rank_within_year,1.0,2607,1663,7798,818,1048,5932,1099550.0,1544,410,393,30.8017,2.9912,421.7683,Look for geography-specific temporal weak spots.
ward_year_hotspots,year_ward,2014,27,,ward_volume_rank_within_year,2.0,981,584,3551,333,543,2675,478100.0,522,111,227,34.4546,3.6198,487.3598,Look for geography-specific temporal weak spots.
ward_year_hotspots,year_ward,2014,1,,ward_volume_rank_within_year,3.0,783,476,2981,162,274,2545,377050.0,440,97,122,27.9693,3.8072,481.5453,Look for geography-specific temporal weak spots.
ward_year_hotspots,year_ward,2014,44,,ward_volume_rank_within_year,4.0,778,517,2279,91,265,1923,265850.0,473,83,103,23.9075,2.9293,341.7095,Look for geography-specific temporal weak spots.
ward_year_hotspots,year_ward,2014,2,,ward_volume_rank_within_year,5.0,753,433,2542,211,429,1902,367400.0,389,120,142,34.7942,3.3758,487.915,Look for geography-specific temporal weak spots.
ward_year_hotspots,year_ward,2014,25,,ward_volume_rank_within_year,6.0,750,435,3319,202,404,2713,376350.0,423,79,163,32.2667,4.4253,501.8,Look for geography-specific temporal weak spots.
ward_year_hotspots,year_ward,2014,47,,ward_volume_rank_within_year,7.0,669,441,2179,104,222,1853,250950.0,426,55,90,21.6741,3.2571,375.1121,Look for geography-specific temporal weak spots.
ward_year_hotspots,year_ward,2014,43,,ward_volume_rank_within_year,8.0,598,368,2121,121,358,1642,264450.0,277,86,125,35.2843,3.5468,442.2241,Look for geography-specific temporal weak spots.
ward_year_hotspots,year_ward,2014,41,,ward_volume_rank_within_year,9.0,537,318,1609,98,128,1383,183650.0,390,44,64,20.1117,2.9963,341.9926,Look for geography-specific temporal weak spots.
ward_year_hotspots,year_ward,2014,28,,ward_volume_rank_within_year,10.0,528,325,1962,125,256,1581,226150.0,276,45,106,28.5985,3.7159,428.3144,Look for geography-specific temporal weak spots.
ward_year_hotspots,year_ward,2015,42,,ward_volume_rank_within_year,1.0,2496,1709,7649,626,846,6177,975450.0,1515,333,358,27.6843,3.0645,390.8053,Look for geography-specific temporal weak spots.
ward_year_hotspots,year_ward,2015,27,,ward_volume_rank_within_year,2.0,1055,663,4028,410,591,3027,591550.0,534,177,206,36.3033,3.818,560.7109,Look for geography-specific temporal weak spots.
ward_year_hotspots,year_ward,2015,25,,ward_volume_rank_within_year,3.0,860,490,3669,263,553,2853,494950.0,467,102,202,35.3488,4.2663,575.5233,Look for geography-specific temporal weak spots.
ward_year_hotspots,year_ward,2015,1,,ward_volume_rank_within_year,4.0,748,469,2765,157,408,2200,316550.0,447,50,124,23.262,3.6965,423.1952,Look for geography-specific temporal weak spots.
ward_year_hotspots,year_ward,2015,44,,ward_volume_rank_within_year,5.0,728,470,2130,151,297,1682,256900.0,409,69,121,26.0989,2.9258,352.8846,Look for geography-specific temporal weak spots.
ward_year_hotspots,year_ward,2015,2,,ward_volume_rank_within_year,6.0,664,430,2160,171,311,1678,291500.0,360,104,103,31.1747,3.253,439.006,Look for geography-specific temporal weak spots.
ward_year_hotspots,year_ward,2015,47,,ward_volume_rank_within_year,7.0,596,401,2017,113,281,1623,232400.0,364,50,96,24.4966,3.3842,389.9329,Look for geography-specific temporal weak spots.
ward_year_hotspots,year_ward,2015,43,,ward_volume_rank_within_year,8.0,585,374,1931,153,212,1566,229100.0,322,57,94,25.812,3.3009,391.6239,Look for geography-specific temporal weak spots.
ward_year_hotspots,year_ward,2015,41,,ward_volume_rank_within_year,9.0,534,306,2246,113,268,1865,255250.0,367,41,97,25.8427,4.206,477.9963,Look for geography-specific temporal weak spots.
ward_year_hotspots,year_ward,2015,28,,ward_volume_rank_within_year,10.0,502,287,2449,191,337,1921,321700.0,256,69,120,37.6494,4.8785,640.8367,Look for geography-specific temporal weak spots.
followup_year_profile,year_followup_status,2010,not_followup,,followup_volume_rank_within_year,1.0,14632,11140,49749,3260,4425,42064,6885900.0,8584,1318,4056,36.7277,3.4,470.6055,Test whether follow-up activity changes the interpretation of annual trends.
followup_year_profile,year_followup_status,2010,followup,,followup_volume_rank_within_year,2.0,3324,2807,18336,1429,3469,13438,884550.0,2803,102,412,15.4633,5.5162,266.1101,Test whether follow-up activity changes the interpretation of annual trends.
followup_year_profile,year_followup_status,2011,not_followup,,followup_volume_rank_within_year,1.0,14930,11302,54578,3081,4865,46632,7417300.0,8473,1372,3940,35.5794,3.6556,496.8051,Test whether follow-up activity changes the interpretation of annual trends.
followup_year_profile,year_followup_status,2011,followup,,followup_volume_rank_within_year,2.0,3710,3168,21213,1376,4053,15784,1044750.0,3176,137,395,14.3396,5.7178,281.6038,Test whether follow-up activity changes the interpretation of annual trends.
followup_year_profile,year_followup_status,2017,not_followup,,followup_volume_rank_within_year,1.0,1919,1811,6590,457,748,5385,954000.0,989,246,451,36.321,3.4341,497.1339,Test whether follow-up activity changes the interpretation of annual trends.
followup_year_profile,year_followup_status,2017,followup,,followup_volume_rank_within_year,2.0,474,438,2405,148,562,1695,174600.0,407,23,30,11.1814,5.0738,368.3544,Test whether follow-up activity changes the interpretation of annual trends.
followup_year_profile,year_followup_status,2013,not_followup,,followup_volume_rank_within_year,1.0,17498,14291,52289,2882,5041,44366,7137350.0,8997,1559,3125,26.7688,2.9883,407.8952,Test whether follow-up activity changes the interpretation of annual trends.
followup_year_profile,year_followup_status,2013,followup,,followup_volume_rank_within_year,2.0,3402,2962,17577,1069,3932,12576,1156000.0,2943,192,212,11.8754,5.1667,339.8001,Test whether follow-up activity changes the interpretation of annual trends.
followup_year_profile,year_followup_status,2012,not_followup,,followup_volume_rank_within_year,1.0,15235,12722,49655,2955,4810,41890,6866650.0,7795,1331,3306,30.4365,3.2593,450.7155,Test whether follow-up activity changes the interpretation of annual trends.
followup_year_profile,year_followup_status,2012,followup,,followup_volume_rank_within_year,2.0,3497,3010,18383,1146,3726,13511,1192850.0,2973,195,304,14.2694,5.2568,341.1067,Test whether follow-up activity changes the interpretation of annual trends.
followup_year_profile,year_followup_status,2016,not_followup,,followup_volume_rank_within_year,1.0,18106,13332,58172,4297,7107,46768,8599700.0,8979,2303,3967,34.6294,3.2129,474.9641,Test whether follow-up activity changes the interpretation of annual trends.
followup_year_profile,year_followup_status,2016,followup,,followup_volume_rank_within_year,2.0,4634,3914,24034,1471,5686,16877,1613100.0,3910,328,314,13.8541,5.1864,348.101,Test whether follow-up activity changes the interpretation of annual trends.
followup_year_profile,year_followup_status,2014,not_followup,,followup_volume_rank_within_year,1.0,17717,13271,57282,3656,5388,48238,7998300.0,9339,2060,3461,31.1622,3.2332,451.4478,Test whether follow-up activity changes the interpretation of annual trends.
followup_year_profile,year_followup_status,2014,followup,,followup_volume_rank_within_year,2.0,3762,3225,19599,1290,4093,14216,1410450.0,3222,246,241,12.9452,5.2097,374.9203,Test whether follow-up activity changes the interpretation of annual trends.
followup_year_profile,year_followup_status,2015,not_followup,,followup_volume_rank_within_year,1.0,17021,13504,54977,3607,5365,46005,7745250.0,8824,1907,3344,30.8501,3.23,455.0408,Test whether follow-up activity changes the interpretation of annual trends.
followup_year_profile,year_followup_status,2015,followup,,followup_volume_rank_within_year,2.0,3831,3300,20437,1310,4348,14779,1385350.0,3269,241,251,12.8426,5.3346,361.6158,Test whether follow-up activity changes the interpretation of annual trends.
